Order_ID,Order_Date,Ship_Date,Customer_ID,Product_ID,Store_ID,Channel,Courier,Payment_Method,Qty,Unit_Price,Discount_Rate,Delivery_Status
TRX-00520,2023-01-01,2023-01-01,CUST-100,PRD-BEAU-003,STR-10,Offline Store,Store Pickup,Cash,1,85000,0.05,On-Time
TRX-00532,2023-01-01,2023-01-02,CUST-093,PRD-ELEC-002,STR-11,Shopee,JNE,Mandiri Virtual Account,4,550000,0.05,On-Time
TRX-00219,2023-01-04,2023-01-05,CUST-053,PRD-ELEC-005,STR-15,Official Website,JNE,Credit Card,2,320000,0.0,On-Time
TRX-00260,2023-01-05,2023-01-06,CUST-063,PRD-ELEC-005,STR-01,TikTok Shop,JNE,QRIS,1,320000,0.0,On-Time
TRX-00359,2023-01-05,2023-01-05,CUST-061,PRD-FNB-006,STR-04,Offline Store,Store Pickup,GoPay,1,80000,0.0,On-Time
TRX-00484,2023-01-05,2023-01-07,CUST-002,PRD-BEAU-004,STR-01,Shopee,J&T Express,Mandiri Virtual Account,1,160000,0.05,On-Time
TRX-00508,2023-01-05,2023-01-10,CUST-030,PRD-ELEC-003,STR-15,Shopee,SiCepat,ShopeePay,1,280000,0.0,Late Delivery
TRX-00550,2023-01-05,2023-01-05,CUST-009,PRD-HOME-001,STR-11,Offline Store,Store Pickup,GoPay,7,220000,0.0,On-Time
TRX-00248,2023-01-06,2023-01-07,CUST-013,PRD-FASH-003,STR-01,TikTok Shop,J&T Express,ShopeePay,1,120000,0.05,On-Time
TRX-00628,2023-01-06,2023-01-08,CUST-061,PRD-HOME-003,STR-15,Official Website,Instant Courier,GoPay,1,260000,0.0,On-Time
TRX-00411,2023-01-07,2023-01-08,CUST-067,PRD-ELEC-004,STR-15,TikTok Shop,SiCepat,GoPay,1,1100000,0.0,On-Time
TRX-00415,2023-01-07,2023-01-07,CUST-096,PRD-FASH-003,STR-08,Offline Store,Store Pickup,Cash,1,120000,0.1,On-Time
TRX-00211,2023-01-08,2023-01-10,CUST-028,PRD-FNB-006,STR-04,Official Website,AnterAja,QRIS,1,80000,0.05,On-Time
TRX-00027,2023-01-09,2023-01-11,CUST-012,PRD-FASH-004,STR-15,Shopee,JNE,ShopeePay,1,160000,0.05,On-Time
TRX-00215,2023-01-09,2023-01-10,CUST-034,PRD-HOME-006,STR-15,Shopee,JNE,Cash,3,175000,0.05,On-Time
TRX-00011,2023-01-11,2023-01-15,CUST-098,PRD-BEAU-001,STR-04,Shopee,AnterAja,ShopeePay,1,135000,0.0,Late Delivery
TRX-00131,2023-01-11,2023-01-12,CUST-050,PRD-FNB-004,STR-15,Shopee,SiCepat,BCA Virtual Account,5,170000,0.0,On-Time
TRX-00195,2023-01-12,2023-01-14,CUST-051,PRD-FASH-003,STR-15,Tokopedia,JNE,Credit Card,8,120000,0.0,On-Time
TRX-00553,2023-01-12,2023-01-14,CUST-006,PRD-FASH-002,STR-04,Shopee,J&T Express,GoPay,3,270000,0.0,On-Time
TRX-00300,2023-01-13,2023-01-13,CUST-030,PRD-HOME-006,STR-06,Offline Store,Store Pickup,BCA Virtual Account,1,175000,0.1,On-Time
TRX-00041,2023-01-14,2023-01-16,CUST-012,PRD-FASH-002,STR-11,TikTok Shop,Instant Courier,GoPay,4,270000,0.1,On-Time
TRX-00143,2023-01-14,2023-01-14,CUST-095,PRD-ELEC-006,STR-02,Offline Store,Store Pickup,GoPay,5,490000,0.0,On-Time
TRX-00235,2023-01-14,2023-01-15,CUST-012,PRD-FASH-006,STR-06,Official Website,J&T Express,Cash,1,450000,0.05,On-Time
TRX-00476,2023-01-15,2023-01-18,CUST-062,PRD-ELEC-004,STR-15,Official Website,SiCepat,ShopeePay,1,1100000,0.0,On-Time
TRX-00589,2023-01-15,2023-01-15,CUST-023,PRD-FASH-001,STR-08,Offline Store,Store Pickup,ShopeePay,4,240000,0.1,On-Time
TRX-00017,2023-01-16,2023-01-20,CUST-032,PRD-FASH-001,STR-15,Tokopedia,J&T Express,ShopeePay,2,240000,0.05,Late Delivery
TRX-00292,2023-01-16,2023-01-17,CUST-043,PRD-FNB-002,STR-11,Tokopedia,SiCepat,Credit Card,1,90000,0.0,On-Time
TRX-00555,2023-01-16,2023-01-18,CUST-072,PRD-FASH-003,STR-15,Shopee,SiCepat,QRIS,1,120000,0.0,On-Time
TRX-00619,2023-01-16,2023-01-18,CUST-031,PRD-HOME-002,STR-15,Shopee,JNE,QRIS,2,195000,0.0,On-Time
TRX-00037,2023-01-17,2023-01-19,CUST-030,PRD-FASH-004,STR-01,Shopee,AnterAja,QRIS,2,160000,0.05,On-Time
TRX-00201,2023-01-17,2023-01-17,CUST-085,PRD-HOME-002,STR-04,Offline Store,Store Pickup,Mandiri Virtual Account,2,195000,0.15,On-Time
TRX-00483,2023-01-17,2023-01-18,CUST-065,PRD-FASH-006,STR-11,Tokopedia,SiCepat,QRIS,1,450000,0.05,On-Time
TRX-00579,2023-01-17,2023-01-17,CUST-086,PRD-BEAU-001,STR-01,Offline Store,Store Pickup,BCA Virtual Account,2,135000,0.0,On-Time
TRX-00315,2023-01-18,2023-01-19,CUST-079,PRD-BEAU-002,STR-06,Shopee,JNE,ShopeePay,2,110000,0.05,On-Time
TRX-00334,2023-01-18,2023-01-20,CUST-038,PRD-ELEC-001,STR-15,Tokopedia,JNE,Credit Card,1,750000,0.15,On-Time
TRX-00343,2023-01-18,2023-01-20,CUST-065,PRD-BEAU-001,STR-01,TikTok Shop,J&T Express,Mandiri Virtual Account,3,135000,0.1,On-Time
TRX-00647,2023-01-18,2023-01-20,CUST-010,PRD-ELEC-003,STR-06,Shopee,J&T Express,BCA Virtual Account,1,280000,0.0,On-Time
TRX-00054,2023-01-19,2023-01-22,CUST-017,PRD-HOME-005,STR-06,Tokopedia,J&T Express,BCA Virtual Account,4,290000,0.0,On-Time
TRX-00590,2023-01-19,2023-01-20,CUST-083,PRD-ELEC-005,STR-06,Shopee,AnterAja,Cash,5,320000,0.0,On-Time
TRX-00183,2023-01-20,2023-01-20,CUST-002,PRD-FASH-004,STR-05,Offline Store,Store Pickup,ShopeePay,1,160000,0.0,On-Time
TRX-00453,2023-01-21,2023-01-23,CUST-074,PRD-ELEC-005,STR-11,Tokopedia,SiCepat,BCA Virtual Account,1,320000,0.0,On-Time
TRX-00101,2023-01-22,2023-01-22,CUST-056,PRD-ELEC-001,STR-10,Offline Store,Store Pickup,ShopeePay,5,750000,0.15,On-Time
TRX-00226,2023-01-22,2023-01-24,CUST-030,PRD-FASH-001,STR-15,TikTok Shop,AnterAja,GoPay,3,240000,0.05,On-Time
TRX-00154,2023-01-24,2023-01-25,CUST-083,PRD-FNB-001,STR-15,Tokopedia,SiCepat,QRIS,6,125000,0.0,On-Time
TRX-00387,2023-01-24,2023-01-25,CUST-002,PRD-FNB-004,STR-06,Shopee,Instant Courier,QRIS,1,170000,0.05,On-Time
TRX-00136,2023-01-25,2023-01-29,CUST-084,PRD-FASH-005,STR-15,Shopee,JNE,GoPay,1,320000,0.1,Late Delivery
TRX-00309,2023-01-26,2023-01-28,CUST-087,PRD-FASH-004,STR-15,Tokopedia,JNE,Mandiri Virtual Account,1,160000,0.2,On-Time
TRX-00350,2023-01-26,2023-01-27,CUST-096,PRD-HOME-004,STR-06,Tokopedia,JNE,ShopeePay,3,350000,0.1,On-Time
TRX-00603,2023-01-26,2023-01-27,CUST-017,PRD-ELEC-001,STR-15,Tokopedia,JNE,Credit Card,1,750000,0.05,On-Time
TRX-00082,2023-01-27,2023-01-29,CUST-017,PRD-BEAU-006,STR-15,Tokopedia,JNE,ShopeePay,1,95000,0.0,On-Time
TRX-00091,2023-01-27,2023-01-30,CUST-037,PRD-BEAU-002,STR-15,Shopee,JNE,GoPay,1,110000,0.0,On-Time
TRX-00320,2023-01-29,2023-01-30,CUST-098,PRD-FASH-002,STR-11,Shopee,Instant Courier,Mandiri Virtual Account,1,270000,0.2,On-Time
TRX-00208,2023-01-30,2023-02-01,CUST-072,PRD-HOME-002,STR-15,Tokopedia,J&T Express,ShopeePay,4,195000,0.05,On-Time
TRX-00039,2023-01-31,2023-02-02,CUST-022,PRD-FNB-002,STR-15,TikTok Shop,J&T Express,QRIS,1,90000,0.05,On-Time
TRX-00196,2023-01-31,2023-02-05,CUST-009,PRD-FNB-006,STR-04,Shopee,SiCepat,QRIS,5,80000,0.0,Late Delivery
TRX-00218,2023-01-31,2023-01-31,CUST-068,PRD-ELEC-002,STR-11,Offline Store,Store Pickup,BCA Virtual Account,8,550000,0.1,On-Time
TRX-00266,2023-01-31,2023-02-02,CUST-073,PRD-FASH-006,STR-11,Tokopedia,J&T Express,Cash,1,450000,0.05,On-Time
TRX-00618,2023-02-01,2023-02-04,CUST-048,PRD-FNB-005,STR-06,Official Website,JNE,Cash,1,140000,0.0,On-Time
TRX-00073,2023-02-02,2023-02-03,CUST-082,PRD-FNB-003,STR-15,TikTok Shop,J&T Express,ShopeePay,1,115000,0.05,On-Time
TRX-00289,2023-02-03,2023-02-04,CUST-040,PRD-BEAU-005,STR-15,Tokopedia,AnterAja,Credit Card,1,125000,0.15,On-Time
TRX-00202,2023-02-04,2023-02-05,CUST-013,PRD-BEAU-002,STR-15,Official Website,SiCepat,Mandiri Virtual Account,1,110000,0.05,On-Time
TRX-00559,2023-02-04,2023-02-06,CUST-072,PRD-HOME-006,STR-06,Shopee,SiCepat,ShopeePay,3,175000,0.0,On-Time
TRX-00588,2023-02-04,2023-02-06,CUST-040,PRD-FASH-004,STR-01,Tokopedia,JNE,Credit Card,1,160000,0.0,On-Time
TRX-00650,2023-02-05,2023-02-05,CUST-070,PRD-FASH-002,STR-08,Offline Store,Store Pickup,BCA Virtual Account,1,270000,0.15,On-Time
TRX-00033,2023-02-07,2023-02-07,CUST-074,PRD-BEAU-003,STR-05,Offline Store,Store Pickup,BCA Virtual Account,2,85000,0.0,On-Time
TRX-00326,2023-02-07,2023-02-08,CUST-048,PRD-BEAU-005,STR-15,Tokopedia,J&T Express,ShopeePay,3,125000,0.0,On-Time
TRX-00474,2023-02-07,2023-02-09,CUST-065,PRD-FASH-004,STR-15,Shopee,JNE,GoPay,1,160000,0.0,On-Time
TRX-00020,2023-02-08,2023-02-11,CUST-076,PRD-BEAU-005,STR-15,TikTok Shop,SiCepat,Cash,2,125000,0.0,On-Time
TRX-00140,2023-02-08,2023-02-11,CUST-086,PRD-BEAU-003,STR-15,Official Website,J&T Express,QRIS,1,85000,0.0,On-Time
TRX-00449,2023-02-09,2023-02-10,CUST-067,PRD-FASH-003,STR-15,Shopee,AnterAja,ShopeePay,1,120000,0.15,On-Time
TRX-00525,2023-02-10,2023-02-12,CUST-060,PRD-FNB-002,STR-06,Official Website,AnterAja,BCA Virtual Account,2,90000,0.0,On-Time
TRX-00056,2023-02-11,2023-02-11,CUST-043,PRD-FNB-004,STR-11,Offline Store,Store Pickup,QRIS,2,170000,0.0,On-Time
TRX-00114,2023-02-11,2023-02-11,CUST-075,PRD-BEAU-004,STR-12,Offline Store,Store Pickup,QRIS,1,160000,0.0,On-Time
TRX-00233,2023-02-12,2023-02-13,CUST-035,PRD-ELEC-005,STR-04,TikTok Shop,JNE,BCA Virtual Account,5,320000,0.05,On-Time
TRX-00461,2023-02-12,2023-02-14,CUST-037,PRD-BEAU-002,STR-04,Tokopedia,SiCepat,BCA Virtual Account,3,110000,0.0,On-Time
TRX-00236,2023-02-13,2023-02-14,CUST-093,PRD-FNB-005,STR-15,Tokopedia,SiCepat,GoPay,1,140000,0.2,On-Time
TRX-00024,2023-02-14,2023-02-15,CUST-036,PRD-FNB-005,STR-01,TikTok Shop,JNE,GoPay,1,140000,0.1,On-Time
TRX-00599,2023-02-14,2023-02-16,CUST-043,PRD-HOME-003,STR-04,Official Website,J&T Express,QRIS,3,260000,0.0,On-Time
TRX-00181,2023-02-15,2023-02-15,CUST-084,PRD-BEAU-001,STR-01,Offline Store,Store Pickup,Mandiri Virtual Account,1,135000,0.05,On-Time
TRX-00368,2023-02-15,2023-02-17,CUST-029,PRD-FASH-006,STR-06,Shopee,JNE,ShopeePay,1,450000,0.1,On-Time
TRX-00468,2023-02-15,2023-02-16,CUST-009,PRD-FASH-003,STR-04,TikTok Shop,AnterAja,QRIS,3,120000,0.0,On-Time
TRX-00617,2023-02-15,2023-02-15,CUST-075,PRD-ELEC-001,STR-14,Offline Store,Store Pickup,GoPay,2,750000,0.0,On-Time
TRX-00071,2023-02-16,2023-02-18,CUST-051,PRD-ELEC-001,STR-01,Shopee,SiCepat,Cash,4,750000,0.0,On-Time
TRX-00078,2023-02-16,2023-02-17,CUST-085,PRD-FASH-001,STR-04,Tokopedia,J&T Express,Credit Card,2,240000,0.05,On-Time
TRX-00335,2023-02-17,2023-02-19,CUST-044,PRD-BEAU-002,STR-15,Official Website,SiCepat,ShopeePay,4,110000,0.1,On-Time
TRX-00388,2023-02-17,2023-02-19,CUST-048,PRD-FNB-003,STR-15,Shopee,AnterAja,ShopeePay,1,115000,0.0,On-Time
TRX-00310,2023-02-18,2023-02-19,CUST-060,PRD-ELEC-004,STR-06,Tokopedia,Instant Courier,Cash,2,1100000,0.0,On-Time
TRX-00367,2023-02-19,2023-02-22,CUST-061,PRD-ELEC-005,STR-11,TikTok Shop,AnterAja,QRIS,2,320000,0.05,On-Time
TRX-00457,2023-02-19,2023-02-19,CUST-023,PRD-HOME-004,STR-09,Offline Store,Store Pickup,Credit Card,6,350000,0.05,On-Time
TRX-00348,2023-02-21,2023-02-23,CUST-037,PRD-FNB-004,STR-15,Shopee,JNE,BCA Virtual Account,1,170000,0.0,On-Time
TRX-00386,2023-02-21,2023-02-22,CUST-023,PRD-FNB-004,STR-01,Shopee,JNE,Cash,2,170000,0.1,On-Time
TRX-00397,2023-02-22,2023-02-22,CUST-052,PRD-HOME-002,STR-13,Offline Store,Store Pickup,Credit Card,1,195000,0.0,On-Time
TRX-00382,2023-02-23,2023-02-25,CUST-066,PRD-BEAU-006,STR-15,Official Website,SiCepat,Cash,2,95000,0.0,On-Time
TRX-00022,2023-02-24,2023-02-26,CUST-056,PRD-FASH-006,STR-15,Shopee,J&T Express,QRIS,7,450000,0.1,On-Time
TRX-00463,2023-02-24,2023-02-24,CUST-020,PRD-HOME-002,STR-07,Offline Store,Store Pickup,Credit Card,2,195000,0.0,On-Time
TRX-00085,2023-02-25,2023-02-26,CUST-063,PRD-BEAU-005,STR-01,Tokopedia,J&T Express,QRIS,3,125000,0.0,On-Time
TRX-00332,2023-02-25,2023-02-28,CUST-093,PRD-ELEC-001,STR-15,Shopee,JNE,GoPay,1,750000,0.0,On-Time
TRX-00551,2023-02-25,2023-02-26,CUST-003,PRD-FASH-004,STR-15,Tokopedia,Instant Courier,GoPay,3,160000,0.05,On-Time
TRX-00546,2023-02-27,2023-02-27,CUST-095,PRD-ELEC-002,STR-14,Offline Store,Store Pickup,Cash,3,550000,0.15,On-Time
TRX-00625,2023-02-27,2023-03-01,CUST-075,PRD-HOME-004,STR-15,Official Website,AnterAja,GoPay,4,350000,0.0,On-Time
TRX-00087,2023-02-28,2023-02-28,CUST-084,PRD-BEAU-003,STR-07,Offline Store,Store Pickup,ShopeePay,3,85000,0.05,On-Time
TRX-00423,2023-02-28,2023-03-02,CUST-086,PRD-FASH-006,STR-01,TikTok Shop,Instant Courier,GoPay,1,450000,0.15,On-Time
TRX-00601,2023-02-28,2023-03-04,CUST-002,PRD-BEAU-002,STR-15,Shopee,J&T Express,Cash,1,110000,0.0,Late Delivery
TRX-00074,2023-03-01,2023-03-05,CUST-013,PRD-FASH-002,STR-01,Shopee,SiCepat,ShopeePay,3,270000,0.0,Late Delivery
TRX-00339,2023-03-01,2023-03-02,CUST-040,PRD-FNB-002,STR-15,TikTok Shop,JNE,ShopeePay,1,90000,0.0,On-Time
TRX-00635,2023-03-01,2023-03-02,CUST-007,PRD-ELEC-006,STR-11,Shopee,AnterAja,QRIS,1,490000,0.0,On-Time
TRX-00369,2023-03-02,2023-03-02,CUST-061,PRD-ELEC-002,STR-02,Offline Store,Store Pickup,ShopeePay,3,550000,0.05,On-Time
TRX-00458,2023-03-02,2023-03-04,CUST-012,PRD-HOME-004,STR-15,Shopee,AnterAja,ShopeePay,2,350000,0.15,On-Time
TRX-00586,2023-03-02,2023-03-02,CUST-004,PRD-HOME-003,STR-13,Offline Store,Store Pickup,Credit Card,2,260000,0.0,On-Time
TRX-00418,2023-03-03,2023-03-04,CUST-049,PRD-ELEC-002,STR-15,Tokopedia,J&T Express,QRIS,1,550000,0.05,On-Time
TRX-00324,2023-03-08,2023-03-08,CUST-044,PRD-BEAU-005,STR-01,Offline Store,Store Pickup,BCA Virtual Account,1,125000,0.1,On-Time
TRX-00391,2023-03-08,2023-03-09,CUST-062,PRD-FNB-006,STR-15,Shopee,SiCepat,Cash,1,80000,0.1,On-Time
TRX-00542,2023-03-08,2023-03-13,CUST-098,PRD-ELEC-005,STR-15,Shopee,SiCepat,Credit Card,1,320000,0.0,Late Delivery
TRX-00067,2023-03-09,2023-03-14,CUST-012,PRD-FNB-006,STR-15,Tokopedia,JNE,Credit Card,1,80000,0.05,Late Delivery
TRX-00409,2023-03-09,2023-03-11,CUST-091,PRD-BEAU-003,STR-01,Shopee,SiCepat,Credit Card,4,85000,0.0,On-Time
TRX-00541,2023-03-09,2023-03-10,CUST-044,PRD-ELEC-003,STR-15,Shopee,JNE,QRIS,1,280000,0.05,On-Time
TRX-00279,2023-03-10,2023-03-11,CUST-083,PRD-BEAU-004,STR-01,TikTok Shop,J&T Express,Mandiri Virtual Account,3,160000,0.0,On-Time
TRX-00404,2023-03-10,2023-03-10,CUST-064,PRD-ELEC-001,STR-14,Offline Store,Store Pickup,Credit Card,1,750000,0.0,On-Time
TRX-00502,2023-03-11,2023-03-11,CUST-045,PRD-FASH-004,STR-13,Offline Store,Store Pickup,ShopeePay,1,160000,0.0,On-Time
TRX-00558,2023-03-11,2023-03-11,CUST-056,PRD-FNB-006,STR-03,Offline Store,Store Pickup,GoPay,8,80000,0.0,On-Time
TRX-00622,2023-03-11,2023-03-12,CUST-011,PRD-ELEC-005,STR-04,Shopee,SiCepat,Mandiri Virtual Account,2,320000,0.0,On-Time
TRX-00316,2023-03-12,2023-03-13,CUST-054,PRD-FASH-001,STR-11,Tokopedia,JNE,ShopeePay,2,240000,0.1,On-Time
TRX-00126,2023-03-13,2023-03-13,CUST-098,PRD-BEAU-005,STR-01,Offline Store,Store Pickup,GoPay,1,125000,0.05,On-Time
TRX-00250,2023-03-14,2023-03-16,CUST-045,PRD-FASH-004,STR-15,Shopee,J&T Express,ShopeePay,1,160000,0.1,On-Time
TRX-00055,2023-03-15,2023-03-17,CUST-053,PRD-FNB-004,STR-11,Shopee,JNE,QRIS,2,170000,0.0,On-Time
TRX-00325,2023-03-17,2023-03-17,CUST-076,PRD-BEAU-005,STR-14,Offline Store,Store Pickup,GoPay,3,125000,0.1,On-Time
TRX-00207,2023-03-18,2023-03-19,CUST-039,PRD-HOME-001,STR-15,Tokopedia,AnterAja,ShopeePay,1,220000,0.0,On-Time
TRX-00443,2023-03-18,2023-03-20,CUST-047,PRD-HOME-001,STR-15,Official Website,JNE,ShopeePay,1,220000,0.1,On-Time
TRX-00632,2023-03-19,2023-03-21,CUST-085,PRD-HOME-003,STR-15,Official Website,J&T Express,BCA Virtual Account,1,260000,0.0,On-Time
TRX-00153,2023-03-20,2023-03-23,CUST-022,PRD-BEAU-004,STR-11,Shopee,J&T Express,BCA Virtual Account,2,160000,0.15,On-Time
TRX-00244,2023-03-20,2023-03-20,CUST-092,PRD-HOME-002,STR-08,Offline Store,Store Pickup,Credit Card,2,195000,0.0,On-Time
TRX-00621,2023-03-20,2023-03-21,CUST-037,PRD-FNB-004,STR-15,Tokopedia,SiCepat,ShopeePay,2,170000,0.0,On-Time
TRX-00288,2023-03-21,2023-03-21,CUST-069,PRD-FASH-005,STR-11,Offline Store,Store Pickup,QRIS,1,320000,0.05,On-Time
TRX-00419,2023-03-21,2023-03-22,CUST-006,PRD-ELEC-005,STR-01,Official Website,AnterAja,Cash,3,320000,0.05,On-Time
TRX-00097,2023-03-22,2023-03-23,CUST-097,PRD-BEAU-002,STR-15,Shopee,SiCepat,Mandiri Virtual Account,1,110000,0.0,On-Time
TRX-00274,2023-03-22,2023-03-24,CUST-057,PRD-HOME-003,STR-01,Tokopedia,J&T Express,Mandiri Virtual Account,1,260000,0.15,On-Time
TRX-00336,2023-03-22,2023-03-24,CUST-007,PRD-ELEC-004,STR-15,Shopee,AnterAja,QRIS,1,1100000,0.2,On-Time
TRX-00494,2023-03-24,2023-03-27,CUST-044,PRD-FASH-002,STR-01,Official Website,JNE,Cash,1,270000,0.05,On-Time
TRX-00019,2023-03-25,2023-03-29,CUST-040,PRD-ELEC-004,STR-11,TikTok Shop,JNE,Mandiri Virtual Account,1,1100000,0.15,Late Delivery
TRX-00489,2023-03-25,2023-03-26,CUST-008,PRD-FASH-001,STR-15,TikTok Shop,JNE,Credit Card,2,240000,0.0,On-Time
TRX-00445,2023-03-26,2023-03-27,CUST-097,PRD-HOME-005,STR-15,TikTok Shop,AnterAja,QRIS,1,290000,0.0,On-Time
TRX-00344,2023-03-27,2023-03-30,CUST-028,PRD-FNB-002,STR-01,Tokopedia,J&T Express,Mandiri Virtual Account,1,90000,0.0,On-Time
TRX-00529,2023-03-27,2023-03-28,CUST-024,PRD-HOME-006,STR-11,Tokopedia,JNE,GoPay,1,175000,0.0,On-Time
TRX-00629,2023-03-27,2023-03-28,CUST-005,PRD-BEAU-005,STR-15,Official Website,J&T Express,Mandiri Virtual Account,3,125000,0.05,On-Time
TRX-00349,2023-03-30,2023-03-31,CUST-036,PRD-HOME-001,STR-15,TikTok Shop,AnterAja,Mandiri Virtual Account,1,220000,0.05,On-Time
TRX-00536,2023-03-30,2023-03-30,CUST-063,PRD-FNB-003,STR-02,Offline Store,Store Pickup,Credit Card,3,115000,0.05,On-Time
TRX-00620,2023-03-30,2023-03-30,CUST-061,PRD-ELEC-005,STR-14,Offline Store,Store Pickup,ShopeePay,1,320000,0.0,On-Time
TRX-00081,2023-03-31,2023-04-01,CUST-015,PRD-BEAU-004,STR-04,Shopee,SiCepat,GoPay,3,160000,0.0,On-Time
TRX-00523,2023-04-02,2023-04-03,CUST-005,PRD-FASH-001,STR-01,Tokopedia,JNE,Credit Card,1,240000,0.0,On-Time
TRX-00095,2023-04-03,2023-04-05,CUST-019,PRD-BEAU-001,STR-11,Official Website,J&T Express,ShopeePay,2,135000,0.0,On-Time
TRX-00138,2023-04-03,2023-04-04,CUST-070,PRD-FASH-004,STR-15,TikTok Shop,SiCepat,QRIS,1,160000,0.0,On-Time
TRX-00025,2023-04-04,2023-04-06,CUST-063,PRD-FASH-001,STR-15,Tokopedia,AnterAja,Credit Card,1,240000,0.0,On-Time
TRX-00134,2023-04-04,2023-04-07,CUST-018,PRD-ELEC-003,STR-15,Tokopedia,SiCepat,GoPay,2,280000,0.15,On-Time
TRX-00482,2023-04-04,2023-04-05,CUST-098,PRD-FNB-006,STR-15,Official Website,JNE,Credit Card,1,80000,0.0,On-Time
TRX-00561,2023-04-05,2023-04-06,CUST-004,PRD-FNB-001,STR-01,TikTok Shop,SiCepat,BCA Virtual Account,4,125000,0.05,On-Time
TRX-00130,2023-04-06,2023-04-11,CUST-086,PRD-BEAU-004,STR-15,Tokopedia,JNE,Credit Card,1,160000,0.2,Late Delivery
TRX-00137,2023-04-06,2023-04-07,CUST-064,PRD-BEAU-005,STR-06,Shopee,SiCepat,Credit Card,1,125000,0.15,On-Time
TRX-00507,2023-04-07,2023-04-08,CUST-042,PRD-ELEC-001,STR-11,Tokopedia,J&T Express,ShopeePay,1,750000,0.15,On-Time
TRX-00026,2023-04-08,2023-04-09,CUST-011,PRD-FASH-002,STR-01,Official Website,SiCepat,Cash,2,270000,0.0,On-Time
TRX-00160,2023-04-08,2023-04-12,CUST-098,PRD-ELEC-006,STR-15,Shopee,J&T Express,Credit Card,1,490000,0.0,Late Delivery
TRX-00185,2023-04-09,2023-04-11,CUST-015,PRD-FASH-005,STR-15,Tokopedia,SiCepat,Credit Card,1,320000,0.0,On-Time
TRX-00510,2023-04-09,2023-04-09,CUST-033,PRD-FNB-003,STR-12,Offline Store,Store Pickup,Mandiri Virtual Account,1,115000,0.0,On-Time
TRX-00004,2023-04-10,2023-04-13,CUST-092,PRD-BEAU-005,STR-01,Tokopedia,AnterAja,BCA Virtual Account,1,125000,0.0,On-Time
TRX-00030,2023-04-10,2023-04-11,CUST-038,PRD-FASH-002,STR-15,Official Website,J&T Express,GoPay,1,270000,0.0,On-Time
TRX-00370,2023-04-10,2023-04-11,CUST-065,PRD-ELEC-004,STR-15,Tokopedia,AnterAja,Mandiri Virtual Account,3,1100000,0.0,On-Time
TRX-00152,2023-04-11,2023-04-13,CUST-082,PRD-HOME-006,STR-15,TikTok Shop,SiCepat,Credit Card,1,175000,0.05,On-Time
TRX-00441,2023-04-11,2023-04-12,CUST-034,PRD-BEAU-006,STR-15,Tokopedia,JNE,Credit Card,3,95000,0.0,On-Time
TRX-00003,2023-04-12,2023-04-15,CUST-019,PRD-ELEC-001,STR-04,TikTok Shop,JNE,Credit Card,1,750000,0.2,On-Time
TRX-00165,2023-04-12,2023-04-14,CUST-078,PRD-HOME-005,STR-04,Tokopedia,AnterAja,Mandiri Virtual Account,1,290000,0.0,On-Time
TRX-00312,2023-04-12,2023-04-12,CUST-083,PRD-HOME-003,STR-14,Offline Store,Store Pickup,Cash,8,260000,0.0,On-Time
TRX-00242,2023-04-13,2023-04-14,CUST-076,PRD-HOME-006,STR-04,Tokopedia,AnterAja,Cash,1,175000,0.1,On-Time
TRX-00193,2023-04-14,2023-04-16,CUST-074,PRD-HOME-006,STR-15,Shopee,J&T Express,BCA Virtual Account,1,175000,0.0,On-Time
TRX-00212,2023-04-15,2023-04-16,CUST-051,PRD-FNB-006,STR-15,Official Website,JNE,GoPay,3,80000,0.05,On-Time
TRX-00079,2023-04-16,2023-04-18,CUST-009,PRD-FNB-003,STR-06,TikTok Shop,J&T Express,Cash,8,115000,0.05,On-Time
TRX-00598,2023-04-16,2023-04-18,CUST-093,PRD-ELEC-002,STR-15,Shopee,AnterAja,Credit Card,1,550000,0.05,On-Time
TRX-00452,2023-04-18,2023-04-19,CUST-076,PRD-ELEC-006,STR-15,Tokopedia,SiCepat,Credit Card,2,490000,0.0,On-Time
TRX-00583,2023-04-18,2023-04-20,CUST-079,PRD-ELEC-002,STR-11,TikTok Shop,JNE,Cash,1,550000,0.05,On-Time
TRX-00600,2023-04-18,2023-04-19,CUST-042,PRD-FASH-001,STR-15,Shopee,J&T Express,GoPay,1,240000,0.0,On-Time
TRX-00533,2023-04-20,2023-04-20,CUST-041,PRD-ELEC-001,STR-09,Offline Store,Store Pickup,Credit Card,2,750000,0.15,On-Time
TRX-00127,2023-04-21,2023-04-22,CUST-020,PRD-HOME-006,STR-04,Shopee,J&T Express,Mandiri Virtual Account,3,175000,0.05,On-Time
TRX-00318,2023-04-23,2023-04-23,CUST-004,PRD-FNB-005,STR-08,Offline Store,Store Pickup,Credit Card,2,140000,0.0,On-Time
TRX-00358,2023-04-24,2023-04-28,CUST-083,PRD-FASH-002,STR-15,TikTok Shop,AnterAja,QRIS,7,270000,0.0,Late Delivery
TRX-00435,2023-04-24,2023-04-26,CUST-079,PRD-FNB-003,STR-15,TikTok Shop,J&T Express,Credit Card,1,115000,0.0,On-Time
TRX-00439,2023-04-24,2023-04-25,CUST-092,PRD-BEAU-006,STR-01,Shopee,JNE,ShopeePay,2,95000,0.0,On-Time
TRX-00199,2023-04-25,2023-04-26,CUST-001,PRD-FNB-001,STR-04,Shopee,JNE,Mandiri Virtual Account,2,125000,0.2,On-Time
TRX-00378,2023-04-25,2023-04-27,CUST-094,PRD-ELEC-005,STR-15,Shopee,SiCepat,ShopeePay,1,320000,0.0,On-Time
TRX-00399,2023-04-25,2023-04-26,CUST-059,PRD-FASH-005,STR-01,Shopee,SiCepat,Cash,1,320000,0.05,On-Time
TRX-00048,2023-04-26,2023-04-28,CUST-015,PRD-HOME-003,STR-11,Tokopedia,J&T Express,ShopeePay,3,260000,0.05,On-Time
TRX-00070,2023-04-26,2023-04-26,CUST-087,PRD-BEAU-006,STR-09,Offline Store,Store Pickup,GoPay,2,95000,0.0,On-Time
TRX-00416,2023-04-26,2023-04-28,CUST-082,PRD-BEAU-005,STR-04,TikTok Shop,J&T Express,Mandiri Virtual Account,2,125000,0.0,On-Time
TRX-00088,2023-04-27,2023-04-28,CUST-053,PRD-FASH-005,STR-15,Official Website,JNE,Mandiri Virtual Account,2,320000,0.0,On-Time
TRX-00294,2023-04-27,2023-04-27,CUST-095,PRD-HOME-005,STR-04,Offline Store,Store Pickup,BCA Virtual Account,2,290000,0.0,On-Time
TRX-00456,2023-04-28,2023-05-01,CUST-049,PRD-HOME-001,STR-11,Shopee,SiCepat,Credit Card,1,220000,0.0,On-Time
TRX-00466,2023-04-28,2023-04-30,CUST-058,PRD-FNB-002,STR-15,Tokopedia,JNE,QRIS,2,90000,0.0,On-Time
TRX-00179,2023-04-30,2023-05-02,CUST-007,PRD-ELEC-004,STR-04,Tokopedia,J&T Express,Mandiri Virtual Account,1,1100000,0.05,On-Time
TRX-00535,2023-04-30,2023-05-01,CUST-033,PRD-FNB-002,STR-15,TikTok Shop,J&T Express,ShopeePay,1,90000,0.05,On-Time
TRX-00384,2023-05-01,2023-05-05,CUST-001,PRD-ELEC-001,STR-15,Tokopedia,JNE,Cash,7,750000,0.0,Late Delivery
TRX-00577,2023-05-02,2023-05-05,CUST-028,PRD-BEAU-001,STR-01,Shopee,J&T Express,GoPay,2,135000,0.0,On-Time
TRX-00624,2023-05-02,2023-05-03,CUST-092,PRD-HOME-005,STR-15,TikTok Shop,J&T Express,GoPay,1,290000,0.15,On-Time
TRX-00471,2023-05-03,2023-05-04,CUST-084,PRD-ELEC-001,STR-15,Tokopedia,SiCepat,Mandiri Virtual Account,4,750000,0.0,On-Time
TRX-00505,2023-05-03,2023-05-05,CUST-067,PRD-FNB-001,STR-15,TikTok Shop,SiCepat,GoPay,2,125000,0.05,On-Time
TRX-00252,2023-05-05,2023-05-07,CUST-067,PRD-ELEC-006,STR-15,Shopee,SiCepat,Mandiri Virtual Account,1,490000,0.0,On-Time
TRX-00216,2023-05-06,2023-05-08,CUST-064,PRD-HOME-006,STR-06,Tokopedia,Instant Courier,ShopeePay,2,175000,0.05,On-Time
TRX-00200,2023-05-07,2023-05-07,CUST-059,PRD-FASH-006,STR-13,Offline Store,Store Pickup,BCA Virtual Account,1,450000,0.0,On-Time
TRX-00238,2023-05-07,2023-05-08,CUST-093,PRD-BEAU-003,STR-15,Shopee,J&T Express,Cash,1,85000,0.05,On-Time
TRX-00498,2023-05-07,2023-05-09,CUST-095,PRD-FASH-004,STR-06,Tokopedia,J&T Express,Cash,5,160000,0.05,On-Time
TRX-00543,2023-05-07,2023-05-08,CUST-032,PRD-ELEC-003,STR-15,TikTok Shop,J&T Express,GoPay,1,280000,0.0,On-Time
TRX-00034,2023-05-08,2023-05-09,CUST-016,PRD-HOME-006,STR-15,Official Website,JNE,ShopeePay,2,175000,0.05,On-Time
TRX-00188,2023-05-08,2023-05-10,CUST-001,PRD-FASH-003,STR-11,Official Website,JNE,BCA Virtual Account,5,120000,0.0,On-Time
TRX-00375,2023-05-08,2023-05-09,CUST-029,PRD-BEAU-005,STR-15,Tokopedia,JNE,BCA Virtual Account,3,125000,0.0,On-Time
TRX-00122,2023-05-09,2023-05-09,CUST-007,PRD-BEAU-003,STR-12,Offline Store,Store Pickup,Cash,1,85000,0.0,On-Time
TRX-00513,2023-05-10,2023-05-11,CUST-062,PRD-BEAU-003,STR-01,Tokopedia,Instant Courier,ShopeePay,1,85000,0.0,On-Time
TRX-00576,2023-05-10,2023-05-10,CUST-002,PRD-HOME-003,STR-10,Offline Store,Store Pickup,ShopeePay,1,260000,0.0,On-Time
TRX-00144,2023-05-14,2023-05-15,CUST-091,PRD-HOME-003,STR-11,TikTok Shop,J&T Express,BCA Virtual Account,1,260000,0.05,On-Time
TRX-00189,2023-05-14,2023-05-16,CUST-084,PRD-FASH-006,STR-15,Tokopedia,JNE,QRIS,2,450000,0.0,On-Time
TRX-00286,2023-05-15,2023-05-17,CUST-028,PRD-ELEC-002,STR-15,Shopee,SiCepat,ShopeePay,3,550000,0.15,On-Time
TRX-00036,2023-05-16,2023-05-18,CUST-085,PRD-ELEC-003,STR-15,Tokopedia,JNE,GoPay,1,280000,0.0,On-Time
TRX-00094,2023-05-17,2023-05-17,CUST-004,PRD-ELEC-006,STR-06,Offline Store,Store Pickup,BCA Virtual Account,1,490000,0.1,On-Time
TRX-00158,2023-05-17,2023-05-17,CUST-058,PRD-FASH-002,STR-14,Offline Store,Store Pickup,Credit Card,1,270000,0.0,On-Time
TRX-00639,2023-05-17,2023-05-19,CUST-013,PRD-FASH-003,STR-04,Official Website,SiCepat,Mandiri Virtual Account,2,120000,0.0,On-Time
TRX-00269,2023-05-18,2023-05-20,CUST-081,PRD-HOME-002,STR-06,TikTok Shop,J&T Express,GoPay,5,195000,0.0,On-Time
TRX-00485,2023-05-18,2023-05-19,CUST-061,PRD-BEAU-002,STR-15,Shopee,SiCepat,ShopeePay,1,110000,0.0,On-Time
TRX-00023,2023-05-19,2023-05-20,CUST-079,PRD-FNB-002,STR-06,Shopee,SiCepat,Mandiri Virtual Account,3,90000,0.1,On-Time
TRX-00564,2023-05-19,2023-05-24,CUST-053,PRD-FASH-002,STR-15,Official Website,AnterAja,Cash,2,270000,0.2,Late Delivery
TRX-00064,2023-05-21,2023-05-21,CUST-002,PRD-BEAU-001,STR-10,Offline Store,Store Pickup,QRIS,3,135000,0.1,On-Time
TRX-00205,2023-05-21,2023-05-21,CUST-008,PRD-HOME-006,STR-11,Offline Store,Store Pickup,QRIS,3,175000,0.1,On-Time
TRX-00221,2023-05-21,2023-05-22,CUST-069,PRD-FASH-004,STR-06,TikTok Shop,AnterAja,BCA Virtual Account,1,160000,0.1,On-Time
TRX-00275,2023-05-21,2023-05-23,CUST-012,PRD-BEAU-003,STR-01,TikTok Shop,J&T Express,QRIS,1,85000,0.0,On-Time
TRX-00448,2023-05-21,2023-05-23,CUST-095,PRD-FASH-003,STR-01,Tokopedia,JNE,Cash,6,120000,0.0,On-Time
TRX-00519,2023-05-21,2023-05-23,CUST-077,PRD-FNB-006,STR-15,Shopee,AnterAja,ShopeePay,3,80000,0.0,On-Time
TRX-00050,2023-05-22,2023-05-24,CUST-099,PRD-FNB-002,STR-15,Official Website,J&T Express,Cash,3,90000,0.0,On-Time
TRX-00363,2023-05-22,2023-05-25,CUST-034,PRD-BEAU-003,STR-15,Tokopedia,SiCepat,Cash,2,85000,0.1,On-Time
TRX-00473,2023-05-22,2023-05-24,CUST-029,PRD-BEAU-002,STR-15,Shopee,J&T Express,Credit Card,4,110000,0.0,On-Time
TRX-00174,2023-05-23,2023-05-25,CUST-072,PRD-FASH-004,STR-15,Tokopedia,J&T Express,GoPay,1,160000,0.2,On-Time
TRX-00631,2023-05-23,2023-05-26,CUST-033,PRD-ELEC-005,STR-04,Tokopedia,SiCepat,QRIS,2,320000,0.0,On-Time
TRX-00486,2023-05-24,2023-05-27,CUST-058,PRD-ELEC-006,STR-06,TikTok Shop,SiCepat,Credit Card,1,490000,0.2,On-Time
TRX-00337,2023-05-25,2023-05-26,CUST-039,PRD-FASH-002,STR-15,Shopee,J&T Express,BCA Virtual Account,1,270000,0.0,On-Time
TRX-00602,2023-05-26,2023-05-26,CUST-074,PRD-FASH-002,STR-09,Offline Store,Store Pickup,ShopeePay,1,270000,0.0,On-Time
TRX-00414,2023-05-28,2023-06-01,CUST-089,PRD-BEAU-004,STR-04,Shopee,SiCepat,BCA Virtual Account,1,160000,0.0,Late Delivery
TRX-00547,2023-05-28,2023-05-30,CUST-002,PRD-FASH-005,STR-15,Shopee,J&T Express,Mandiri Virtual Account,2,320000,0.0,On-Time
TRX-00243,2023-05-30,2023-05-31,CUST-089,PRD-ELEC-003,STR-15,Shopee,SiCepat,QRIS,2,280000,0.1,On-Time
TRX-00338,2023-05-31,2023-06-01,CUST-085,PRD-BEAU-003,STR-15,Tokopedia,J&T Express,Cash,2,85000,0.0,On-Time
TRX-00407,2023-05-31,2023-06-02,CUST-058,PRD-FNB-002,STR-04,Official Website,J&T Express,Cash,1,90000,0.0,On-Time
TRX-00417,2023-05-31,2023-05-31,CUST-058,PRD-ELEC-006,STR-12,Offline Store,Store Pickup,Credit Card,4,490000,0.0,On-Time
TRX-00069,2023-06-01,2023-06-01,CUST-096,PRD-FNB-004,STR-03,Offline Store,Store Pickup,Cash,1,170000,0.0,On-Time
TRX-00035,2023-06-02,2023-06-03,CUST-076,PRD-HOME-002,STR-04,TikTok Shop,AnterAja,Mandiri Virtual Account,1,195000,0.05,On-Time
TRX-00156,2023-06-02,2023-06-03,CUST-059,PRD-ELEC-003,STR-15,Shopee,JNE,Cash,2,280000,0.0,On-Time
TRX-00264,2023-06-02,2023-06-05,CUST-005,PRD-HOME-003,STR-06,Tokopedia,J&T Express,Mandiri Virtual Account,1,260000,0.1,On-Time
TRX-00376,2023-06-02,2023-06-03,CUST-038,PRD-HOME-003,STR-06,Shopee,Instant Courier,ShopeePay,2,260000,0.05,On-Time
TRX-00503,2023-06-03,2023-06-04,CUST-002,PRD-FNB-001,STR-15,Tokopedia,JNE,Credit Card,1,125000,0.0,On-Time
TRX-00237,2023-06-04,2023-06-05,CUST-035,PRD-HOME-004,STR-15,Shopee,JNE,GoPay,3,350000,0.0,On-Time
TRX-00361,2023-06-04,2023-06-07,CUST-087,PRD-HOME-005,STR-15,Tokopedia,SiCepat,GoPay,2,290000,0.0,On-Time
TRX-00151,2023-06-05,2023-06-08,CUST-022,PRD-ELEC-006,STR-11,Shopee,AnterAja,GoPay,1,490000,0.05,On-Time
TRX-00434,2023-06-06,2023-06-07,CUST-027,PRD-BEAU-006,STR-11,Tokopedia,AnterAja,Mandiri Virtual Account,2,95000,0.05,On-Time
TRX-00234,2023-06-07,2023-06-09,CUST-057,PRD-FASH-006,STR-15,Tokopedia,SiCepat,BCA Virtual Account,2,450000,0.0,On-Time
TRX-00307,2023-06-07,2023-06-07,CUST-060,PRD-FASH-003,STR-05,Offline Store,Store Pickup,Cash,3,120000,0.0,On-Time
TRX-00135,2023-06-08,2023-06-09,CUST-066,PRD-HOME-001,STR-04,Tokopedia,J&T Express,Cash,4,220000,0.0,On-Time
TRX-00606,2023-06-08,2023-06-10,CUST-088,PRD-BEAU-003,STR-15,Tokopedia,AnterAja,GoPay,2,85000,0.0,On-Time
TRX-00190,2023-06-09,2023-06-10,CUST-089,PRD-ELEC-004,STR-15,Shopee,Instant Courier,ShopeePay,2,1100000,0.15,On-Time
TRX-00298,2023-06-09,2023-06-11,CUST-042,PRD-ELEC-003,STR-15,Tokopedia,JNE,ShopeePay,1,280000,0.0,On-Time
TRX-00408,2023-06-10,2023-06-11,CUST-092,PRD-BEAU-006,STR-01,Tokopedia,J&T Express,QRIS,3,95000,0.05,On-Time
TRX-00566,2023-06-10,2023-06-11,CUST-051,PRD-BEAU-002,STR-01,Shopee,SiCepat,BCA Virtual Account,7,110000,0.05,On-Time
TRX-00053,2023-06-12,2023-06-17,CUST-096,PRD-HOME-004,STR-01,Shopee,AnterAja,ShopeePay,2,350000,0.1,Late Delivery
TRX-00009,2023-06-13,2023-06-14,CUST-070,PRD-ELEC-003,STR-04,TikTok Shop,J&T Express,Credit Card,1,280000,0.0,On-Time
TRX-00125,2023-06-13,2023-06-14,CUST-013,PRD-FNB-003,STR-15,Tokopedia,AnterAja,Cash,2,115000,0.0,On-Time
TRX-00157,2023-06-13,2023-06-14,CUST-094,PRD-FNB-004,STR-15,Official Website,J&T Express,BCA Virtual Account,1,170000,0.0,On-Time
TRX-00214,2023-06-13,2023-06-13,CUST-027,PRD-FASH-006,STR-12,Offline Store,Store Pickup,Mandiri Virtual Account,1,450000,0.0,On-Time
TRX-00251,2023-06-13,2023-06-15,CUST-009,PRD-FASH-004,STR-06,Tokopedia,SiCepat,Mandiri Virtual Account,2,160000,0.1,On-Time
TRX-00052,2023-06-14,2023-06-14,CUST-025,PRD-BEAU-005,STR-07,Offline Store,Store Pickup,BCA Virtual Account,1,125000,0.0,On-Time
TRX-00240,2023-06-14,2023-06-14,CUST-078,PRD-BEAU-005,STR-06,Offline Store,Store Pickup,GoPay,1,125000,0.0,On-Time
TRX-00107,2023-06-15,2023-06-17,CUST-081,PRD-FASH-005,STR-01,Shopee,SiCepat,GoPay,3,320000,0.0,On-Time
TRX-00272,2023-06-15,2023-06-15,CUST-037,PRD-FASH-005,STR-13,Offline Store,Store Pickup,GoPay,1,320000,0.0,On-Time
TRX-00571,2023-06-15,2023-06-16,CUST-058,PRD-ELEC-001,STR-15,Official Website,JNE,QRIS,1,750000,0.05,On-Time
TRX-00499,2023-06-16,2023-06-18,CUST-061,PRD-HOME-003,STR-15,Tokopedia,Instant Courier,Mandiri Virtual Account,4,260000,0.0,On-Time
TRX-00514,2023-06-16,2023-06-18,CUST-002,PRD-ELEC-006,STR-15,Shopee,Instant Courier,QRIS,2,490000,0.05,On-Time
TRX-00305,2023-06-17,2023-06-18,CUST-041,PRD-HOME-003,STR-04,Tokopedia,SiCepat,Mandiri Virtual Account,1,260000,0.0,On-Time
TRX-00597,2023-06-17,2023-06-17,CUST-019,PRD-FNB-001,STR-11,Offline Store,Store Pickup,Mandiri Virtual Account,3,125000,0.1,On-Time
TRX-00113,2023-06-18,2023-06-21,CUST-013,PRD-HOME-006,STR-01,Official Website,AnterAja,GoPay,2,175000,0.0,On-Time
TRX-00313,2023-06-19,2023-06-19,CUST-016,PRD-ELEC-002,STR-07,Offline Store,Store Pickup,Cash,3,550000,0.0,On-Time
TRX-00422,2023-06-19,2023-06-24,CUST-047,PRD-FASH-004,STR-11,Shopee,AnterAja,BCA Virtual Account,1,160000,0.1,Late Delivery
TRX-00428,2023-06-19,2023-06-22,CUST-005,PRD-ELEC-003,STR-15,Tokopedia,AnterAja,ShopeePay,1,280000,0.0,On-Time
TRX-00592,2023-06-19,2023-06-22,CUST-046,PRD-ELEC-003,STR-11,Tokopedia,SiCepat,Credit Card,4,280000,0.0,On-Time
TRX-00645,2023-06-20,2023-06-22,CUST-008,PRD-FASH-003,STR-15,Shopee,AnterAja,Mandiri Virtual Account,4,120000,0.0,On-Time
TRX-00104,2023-06-23,2023-06-25,CUST-029,PRD-FASH-005,STR-15,TikTok Shop,J&T Express,GoPay,2,320000,0.0,On-Time
TRX-00611,2023-06-24,2023-06-24,CUST-027,PRD-FNB-003,STR-10,Offline Store,Store Pickup,Cash,2,115000,0.0,On-Time
TRX-00111,2023-06-25,2023-06-27,CUST-092,PRD-ELEC-003,STR-15,Tokopedia,JNE,Mandiri Virtual Account,1,280000,0.0,On-Time
TRX-00173,2023-06-25,2023-06-26,CUST-070,PRD-FASH-006,STR-06,TikTok Shop,J&T Express,Mandiri Virtual Account,2,450000,0.1,On-Time
TRX-00371,2023-06-25,2023-06-26,CUST-053,PRD-BEAU-001,STR-06,Tokopedia,J&T Express,GoPay,3,135000,0.2,On-Time
TRX-00612,2023-06-25,2023-06-26,CUST-070,PRD-BEAU-005,STR-11,Tokopedia,SiCepat,Credit Card,1,125000,0.05,On-Time
TRX-00633,2023-06-25,2023-06-25,CUST-011,PRD-ELEC-005,STR-13,Offline Store,Store Pickup,ShopeePay,1,320000,0.1,On-Time
TRX-00132,2023-06-26,2023-06-27,CUST-031,PRD-BEAU-006,STR-04,TikTok Shop,J&T Express,GoPay,2,95000,0.0,On-Time
TRX-00176,2023-06-26,2023-06-26,CUST-099,PRD-FNB-002,STR-02,Offline Store,Store Pickup,GoPay,1,90000,0.0,On-Time
TRX-00291,2023-06-27,2023-06-28,CUST-067,PRD-HOME-005,STR-15,Tokopedia,SiCepat,BCA Virtual Account,2,290000,0.05,On-Time
TRX-00544,2023-06-28,2023-07-01,CUST-025,PRD-FASH-005,STR-15,Official Website,JNE,Cash,1,320000,0.05,On-Time
TRX-00477,2023-06-30,2023-07-03,CUST-067,PRD-HOME-006,STR-15,Tokopedia,SiCepat,BCA Virtual Account,1,175000,0.1,On-Time
TRX-00437,2023-07-02,2023-07-03,CUST-017,PRD-BEAU-004,STR-11,TikTok Shop,JNE,Credit Card,2,160000,0.0,On-Time
TRX-00063,2023-07-03,2023-07-03,CUST-074,PRD-FASH-004,STR-11,Offline Store,Store Pickup,ShopeePay,4,160000,0.0,On-Time
TRX-00317,2023-07-03,2023-07-04,CUST-062,PRD-HOME-006,STR-15,TikTok Shop,J&T Express,Credit Card,2,175000,0.0,On-Time
TRX-00319,2023-07-03,2023-07-06,CUST-099,PRD-BEAU-001,STR-01,Tokopedia,J&T Express,QRIS,4,135000,0.2,On-Time
TRX-00377,2023-07-03,2023-07-03,CUST-097,PRD-FASH-001,STR-01,Offline Store,Store Pickup,Mandiri Virtual Account,1,240000,0.15,On-Time
TRX-00440,2023-07-03,2023-07-06,CUST-100,PRD-FASH-004,STR-15,TikTok Shop,J&T Express,Credit Card,1,160000,0.0,On-Time
TRX-00562,2023-07-03,2023-07-03,CUST-011,PRD-BEAU-005,STR-08,Offline Store,Store Pickup,QRIS,2,125000,0.0,On-Time
TRX-00213,2023-07-04,2023-07-04,CUST-066,PRD-FNB-005,STR-08,Offline Store,Store Pickup,Cash,1,140000,0.0,On-Time
TRX-00293,2023-07-04,2023-07-06,CUST-008,PRD-HOME-004,STR-04,Tokopedia,AnterAja,BCA Virtual Account,3,350000,0.0,On-Time
TRX-00447,2023-07-04,2023-07-08,CUST-050,PRD-HOME-004,STR-01,Tokopedia,J&T Express,QRIS,5,350000,0.1,Late Delivery
TRX-00147,2023-07-05,2023-07-07,CUST-066,PRD-FASH-002,STR-04,Tokopedia,J&T Express,GoPay,1,270000,0.0,On-Time
TRX-00451,2023-07-05,2023-07-07,CUST-078,PRD-BEAU-005,STR-15,Shopee,J&T Express,ShopeePay,2,125000,0.05,On-Time
TRX-00495,2023-07-05,2023-07-06,CUST-096,PRD-BEAU-001,STR-06,Tokopedia,J&T Express,GoPay,1,135000,0.0,On-Time
TRX-00112,2023-07-06,2023-07-08,CUST-048,PRD-FNB-006,STR-15,Shopee,SiCepat,BCA Virtual Account,1,80000,0.0,On-Time
TRX-00444,2023-07-06,2023-07-06,CUST-065,PRD-ELEC-001,STR-10,Offline Store,Store Pickup,QRIS,2,750000,0.1,On-Time
TRX-00521,2023-07-06,2023-07-08,CUST-100,PRD-BEAU-002,STR-15,TikTok Shop,JNE,ShopeePay,1,110000,0.05,On-Time
TRX-00464,2023-07-07,2023-07-08,CUST-079,PRD-FASH-003,STR-15,Tokopedia,SiCepat,Credit Card,4,120000,0.0,On-Time
TRX-00077,2023-07-08,2023-07-11,CUST-070,PRD-FNB-005,STR-15,Shopee,J&T Express,ShopeePay,4,140000,0.0,On-Time
TRX-00299,2023-07-08,2023-07-09,CUST-076,PRD-HOME-004,STR-15,Official Website,SiCepat,ShopeePay,4,350000,0.1,On-Time
TRX-00209,2023-07-09,2023-07-12,CUST-012,PRD-HOME-006,STR-01,Tokopedia,SiCepat,Mandiri Virtual Account,2,175000,0.0,On-Time
TRX-00340,2023-07-09,2023-07-10,CUST-024,PRD-HOME-003,STR-06,Tokopedia,SiCepat,QRIS,1,260000,0.0,On-Time
TRX-00303,2023-07-10,2023-07-12,CUST-059,PRD-BEAU-006,STR-06,Tokopedia,J&T Express,ShopeePay,1,95000,0.0,On-Time
TRX-00059,2023-07-11,2023-07-12,CUST-056,PRD-ELEC-005,STR-04,TikTok Shop,J&T Express,Cash,3,320000,0.0,On-Time
TRX-00258,2023-07-11,2023-07-13,CUST-089,PRD-ELEC-005,STR-15,Tokopedia,J&T Express,QRIS,1,320000,0.0,On-Time
TRX-00232,2023-07-12,2023-07-13,CUST-056,PRD-ELEC-006,STR-04,Shopee,J&T Express,BCA Virtual Account,7,490000,0.05,On-Time
TRX-00531,2023-07-12,2023-07-12,CUST-099,PRD-HOME-006,STR-08,Offline Store,Store Pickup,ShopeePay,3,175000,0.0,On-Time
TRX-00060,2023-07-15,2023-07-16,CUST-080,PRD-BEAU-004,STR-15,Tokopedia,J&T Express,BCA Virtual Account,1,160000,0.15,On-Time
TRX-00424,2023-07-15,2023-07-17,CUST-015,PRD-HOME-001,STR-15,Tokopedia,SiCepat,Credit Card,1,220000,0.05,On-Time
TRX-00278,2023-07-16,2023-07-19,CUST-012,PRD-BEAU-006,STR-15,Shopee,JNE,Cash,2,95000,0.0,On-Time
TRX-00573,2023-07-16,2023-07-17,CUST-094,PRD-FNB-002,STR-15,Tokopedia,J&T Express,GoPay,4,90000,0.05,On-Time
TRX-00634,2023-07-16,2023-07-18,CUST-031,PRD-BEAU-004,STR-04,Tokopedia,JNE,Cash,1,160000,0.05,On-Time
TRX-00511,2023-07-17,2023-07-19,CUST-099,PRD-HOME-003,STR-04,Tokopedia,J&T Express,Mandiri Virtual Account,1,260000,0.2,On-Time
TRX-00256,2023-07-18,2023-07-18,CUST-079,PRD-HOME-001,STR-10,Offline Store,Store Pickup,Mandiri Virtual Account,1,220000,0.0,On-Time
TRX-00365,2023-07-18,2023-07-19,CUST-095,PRD-ELEC-002,STR-15,TikTok Shop,SiCepat,Credit Card,6,550000,0.05,On-Time
TRX-00429,2023-07-18,2023-07-20,CUST-058,PRD-BEAU-003,STR-15,Shopee,J&T Express,BCA Virtual Account,1,85000,0.0,On-Time
TRX-00115,2023-07-20,2023-07-21,CUST-017,PRD-BEAU-002,STR-01,TikTok Shop,JNE,QRIS,2,110000,0.0,On-Time
TRX-00329,2023-07-20,2023-07-20,CUST-099,PRD-BEAU-001,STR-10,Offline Store,Store Pickup,Mandiri Virtual Account,1,135000,0.05,On-Time
TRX-00607,2023-07-20,2023-07-20,CUST-024,PRD-BEAU-005,STR-06,Offline Store,Store Pickup,ShopeePay,3,125000,0.0,On-Time
TRX-00314,2023-07-22,2023-07-23,CUST-064,PRD-ELEC-001,STR-11,Shopee,J&T Express,Mandiri Virtual Account,1,750000,0.0,On-Time
TRX-00223,2023-07-23,2023-07-26,CUST-011,PRD-FASH-006,STR-01,Tokopedia,J&T Express,BCA Virtual Account,4,450000,0.0,On-Time
TRX-00228,2023-07-23,2023-07-23,CUST-010,PRD-FASH-004,STR-07,Offline Store,Store Pickup,QRIS,1,160000,0.0,On-Time
TRX-00497,2023-07-23,2023-07-24,CUST-068,PRD-FNB-001,STR-15,TikTok Shop,AnterAja,Mandiri Virtual Account,2,125000,0.0,On-Time
TRX-00245,2023-07-25,2023-07-27,CUST-069,PRD-HOME-005,STR-15,Shopee,Instant Courier,Cash,3,290000,0.1,On-Time
TRX-00311,2023-07-25,2023-07-26,CUST-048,PRD-BEAU-004,STR-15,TikTok Shop,AnterAja,BCA Virtual Account,2,160000,0.05,On-Time
TRX-00040,2023-07-26,2023-07-27,CUST-035,PRD-HOME-005,STR-15,Tokopedia,JNE,GoPay,6,290000,0.0,On-Time
TRX-00180,2023-07-28,2023-07-29,CUST-084,PRD-FNB-006,STR-04,TikTok Shop,J&T Express,BCA Virtual Account,3,80000,0.0,On-Time
TRX-00149,2023-07-29,2023-07-30,CUST-074,PRD-ELEC-003,STR-15,Tokopedia,JNE,Cash,1,280000,0.0,On-Time
TRX-00171,2023-07-30,2023-07-30,CUST-065,PRD-FNB-001,STR-12,Offline Store,Store Pickup,BCA Virtual Account,2,125000,0.0,On-Time
TRX-00560,2023-07-30,2023-07-31,CUST-039,PRD-HOME-003,STR-04,TikTok Shop,J&T Express,Mandiri Virtual Account,2,260000,0.1,On-Time
TRX-00506,2023-07-31,2023-08-02,CUST-025,PRD-FNB-004,STR-15,Tokopedia,JNE,ShopeePay,1,170000,0.0,On-Time
TRX-00591,2023-07-31,2023-08-01,CUST-096,PRD-ELEC-002,STR-15,Official Website,JNE,QRIS,2,550000,0.0,On-Time
TRX-00594,2023-07-31,2023-07-31,CUST-012,PRD-HOME-004,STR-05,Offline Store,Store Pickup,Mandiri Virtual Account,3,350000,0.0,On-Time
TRX-00403,2023-08-01,2023-08-03,CUST-006,PRD-FNB-006,STR-06,Tokopedia,JNE,Credit Card,2,80000,0.05,On-Time
TRX-00421,2023-08-01,2023-08-01,CUST-070,PRD-HOME-006,STR-11,Offline Store,Store Pickup,GoPay,1,175000,0.0,On-Time
TRX-00587,2023-08-01,2023-08-02,CUST-053,PRD-ELEC-002,STR-15,TikTok Shop,J&T Express,Cash,1,550000,0.05,On-Time
TRX-00182,2023-08-02,2023-08-06,CUST-023,PRD-FNB-006,STR-15,Shopee,AnterAja,GoPay,2,80000,0.2,Late Delivery
TRX-00352,2023-08-02,2023-08-02,CUST-078,PRD-BEAU-003,STR-07,Offline Store,Store Pickup,QRIS,1,85000,0.0,On-Time
TRX-00580,2023-08-02,2023-08-04,CUST-023,PRD-ELEC-006,STR-01,TikTok Shop,SiCepat,ShopeePay,7,490000,0.0,On-Time
TRX-00096,2023-08-03,2023-08-06,CUST-059,PRD-FASH-005,STR-11,Shopee,SiCepat,Mandiri Virtual Account,1,320000,0.0,On-Time
TRX-00128,2023-08-03,2023-08-03,CUST-082,PRD-FNB-002,STR-08,Offline Store,Store Pickup,Credit Card,2,90000,0.0,On-Time
TRX-00159,2023-08-03,2023-08-03,CUST-032,PRD-FNB-004,STR-12,Offline Store,Store Pickup,GoPay,3,170000,0.1,On-Time
TRX-00197,2023-08-04,2023-08-04,CUST-048,PRD-FNB-005,STR-07,Offline Store,Store Pickup,BCA Virtual Account,1,140000,0.1,On-Time
TRX-00389,2023-08-04,2023-08-05,CUST-084,PRD-FNB-005,STR-15,TikTok Shop,AnterAja,ShopeePay,2,140000,0.0,On-Time
TRX-00569,2023-08-05,2023-08-05,CUST-038,PRD-BEAU-002,STR-08,Offline Store,Store Pickup,Cash,3,110000,0.05,On-Time
TRX-00005,2023-08-06,2023-08-07,CUST-029,PRD-ELEC-006,STR-15,Shopee,AnterAja,Mandiri Virtual Account,2,490000,0.05,On-Time
TRX-00206,2023-08-07,2023-08-09,CUST-072,PRD-HOME-004,STR-15,TikTok Shop,JNE,ShopeePay,1,350000,0.0,On-Time
TRX-00644,2023-08-07,2023-08-08,CUST-089,PRD-FNB-005,STR-04,Tokopedia,J&T Express,ShopeePay,2,140000,0.1,On-Time
TRX-00254,2023-08-08,2023-08-10,CUST-050,PRD-ELEC-001,STR-04,Tokopedia,SiCepat,Cash,7,750000,0.0,On-Time
TRX-00100,2023-08-09,2023-08-10,CUST-023,PRD-ELEC-005,STR-15,Tokopedia,SiCepat,ShopeePay,5,320000,0.0,On-Time
TRX-00487,2023-08-10,2023-08-11,CUST-049,PRD-FASH-001,STR-06,Tokopedia,J&T Express,Cash,1,240000,0.15,On-Time
TRX-00538,2023-08-11,2023-08-12,CUST-054,PRD-FNB-006,STR-01,Tokopedia,SiCepat,Cash,3,80000,0.1,On-Time
TRX-00504,2023-08-12,2023-08-13,CUST-051,PRD-FASH-002,STR-06,TikTok Shop,J&T Express,QRIS,3,270000,0.05,On-Time
TRX-00141,2023-08-13,2023-08-15,CUST-005,PRD-ELEC-005,STR-15,Shopee,SiCepat,QRIS,1,320000,0.1,On-Time
TRX-00431,2023-08-13,2023-08-15,CUST-049,PRD-HOME-001,STR-15,Tokopedia,SiCepat,Cash,2,220000,0.0,On-Time
TRX-00121,2023-08-14,2023-08-17,CUST-060,PRD-FNB-001,STR-11,Shopee,AnterAja,Mandiri Virtual Account,1,125000,0.0,On-Time
TRX-00001,2023-08-15,2023-08-15,CUST-087,PRD-FASH-001,STR-12,Offline Store,Store Pickup,Mandiri Virtual Account,1,240000,0.1,On-Time
TRX-00046,2023-08-15,2023-08-15,CUST-098,PRD-ELEC-002,STR-08,Offline Store,Store Pickup,QRIS,1,550000,0.0,On-Time
TRX-00177,2023-08-15,2023-08-15,CUST-084,PRD-FASH-003,STR-05,Offline Store,Store Pickup,Credit Card,2,120000,0.0,On-Time
TRX-00545,2023-08-15,2023-08-17,CUST-080,PRD-ELEC-005,STR-01,Tokopedia,J&T Express,BCA Virtual Account,1,320000,0.15,On-Time
TRX-00139,2023-08-16,2023-08-21,CUST-045,PRD-HOME-003,STR-11,Shopee,J&T Express,BCA Virtual Account,1,260000,0.1,Late Delivery
TRX-00261,2023-08-16,2023-08-18,CUST-063,PRD-ELEC-006,STR-15,Official Website,J&T Express,Mandiri Virtual Account,1,490000,0.0,On-Time
TRX-00425,2023-08-17,2023-08-22,CUST-063,PRD-ELEC-002,STR-15,Shopee,J&T Express,Cash,1,550000,0.05,Late Delivery
TRX-00492,2023-08-17,2023-08-17,CUST-011,PRD-HOME-001,STR-14,Offline Store,Store Pickup,Mandiri Virtual Account,2,220000,0.0,On-Time
TRX-00575,2023-08-17,2023-08-17,CUST-037,PRD-BEAU-003,STR-01,Offline Store,Store Pickup,Credit Card,1,85000,0.1,On-Time
TRX-00120,2023-08-18,2023-08-20,CUST-030,PRD-HOME-006,STR-11,Official Website,J&T Express,Credit Card,1,175000,0.15,On-Time
TRX-00637,2023-08-18,2023-08-18,CUST-049,PRD-BEAU-004,STR-02,Offline Store,Store Pickup,Credit Card,1,160000,0.0,On-Time
TRX-00110,2023-08-19,2023-08-22,CUST-074,PRD-BEAU-003,STR-11,Shopee,JNE,Cash,1,85000,0.05,On-Time
TRX-00124,2023-08-19,2023-08-20,CUST-045,PRD-FNB-006,STR-15,Shopee,Instant Courier,BCA Virtual Account,1,80000,0.0,On-Time
TRX-00142,2023-08-19,2023-08-20,CUST-048,PRD-FASH-006,STR-15,Tokopedia,JNE,BCA Virtual Account,1,450000,0.0,On-Time
TRX-00306,2023-08-19,2023-08-19,CUST-060,PRD-FASH-005,STR-04,Offline Store,Store Pickup,ShopeePay,1,320000,0.0,On-Time
TRX-00145,2023-08-20,2023-08-21,CUST-023,PRD-FNB-005,STR-01,Tokopedia,AnterAja,GoPay,7,140000,0.0,On-Time
TRX-00567,2023-08-20,2023-08-21,CUST-059,PRD-FNB-003,STR-15,Tokopedia,Instant Courier,ShopeePay,3,115000,0.1,On-Time
TRX-00015,2023-08-21,2023-08-22,CUST-042,PRD-FASH-005,STR-06,Official Website,J&T Express,BCA Virtual Account,2,320000,0.0,On-Time
TRX-00623,2023-08-21,2023-08-23,CUST-066,PRD-HOME-002,STR-15,Shopee,SiCepat,Cash,1,195000,0.0,On-Time
TRX-00084,2023-08-23,2023-08-23,CUST-083,PRD-ELEC-001,STR-07,Offline Store,Store Pickup,QRIS,2,750000,0.2,On-Time
TRX-00161,2023-08-23,2023-08-25,CUST-031,PRD-FASH-001,STR-15,Tokopedia,AnterAja,GoPay,1,240000,0.0,On-Time
TRX-00262,2023-08-23,2023-08-25,CUST-073,PRD-BEAU-006,STR-15,Shopee,J&T Express,GoPay,2,95000,0.0,On-Time
TRX-00217,2023-08-24,2023-08-26,CUST-022,PRD-BEAU-006,STR-15,Official Website,AnterAja,QRIS,2,95000,0.0,On-Time
TRX-00396,2023-08-24,2023-08-26,CUST-057,PRD-FNB-002,STR-15,Shopee,Instant Courier,BCA Virtual Account,1,90000,0.0,On-Time
TRX-00436,2023-08-25,2023-08-26,CUST-083,PRD-HOME-006,STR-15,Tokopedia,SiCepat,GoPay,2,175000,0.0,On-Time
TRX-00006,2023-08-26,2023-08-26,CUST-086,PRD-HOME-005,STR-08,Offline Store,Store Pickup,Credit Card,4,290000,0.05,On-Time
TRX-00010,2023-08-27,2023-08-27,CUST-054,PRD-ELEC-002,STR-10,Offline Store,Store Pickup,QRIS,1,550000,0.0,On-Time
TRX-00061,2023-08-27,2023-08-27,CUST-037,PRD-BEAU-004,STR-10,Offline Store,Store Pickup,GoPay,1,160000,0.0,On-Time
TRX-00626,2023-08-27,2023-08-29,CUST-067,PRD-ELEC-003,STR-01,Tokopedia,SiCepat,QRIS,1,280000,0.05,On-Time
TRX-00148,2023-08-28,2023-08-30,CUST-071,PRD-ELEC-005,STR-11,Shopee,SiCepat,Cash,2,320000,0.0,On-Time
TRX-00032,2023-08-29,2023-08-30,CUST-062,PRD-HOME-003,STR-06,Tokopedia,J&T Express,ShopeePay,1,260000,0.15,On-Time
TRX-00295,2023-08-30,2023-08-30,CUST-047,PRD-HOME-001,STR-01,Offline Store,Store Pickup,Credit Card,3,220000,0.0,On-Time
TRX-00512,2023-08-31,2023-09-02,CUST-050,PRD-BEAU-004,STR-04,Tokopedia,SiCepat,BCA Virtual Account,4,160000,0.15,On-Time
TRX-00515,2023-09-01,2023-09-02,CUST-089,PRD-BEAU-002,STR-15,Tokopedia,SiCepat,Cash,1,110000,0.1,On-Time
TRX-00175,2023-09-03,2023-09-04,CUST-045,PRD-HOME-006,STR-15,Tokopedia,SiCepat,ShopeePay,3,175000,0.1,On-Time
TRX-00410,2023-09-03,2023-09-06,CUST-075,PRD-BEAU-001,STR-06,TikTok Shop,JNE,ShopeePay,3,135000,0.05,On-Time
TRX-00501,2023-09-04,2023-09-05,CUST-070,PRD-FASH-002,STR-15,Shopee,JNE,Cash,2,270000,0.0,On-Time
TRX-00049,2023-09-05,2023-09-06,CUST-061,PRD-FASH-002,STR-15,Tokopedia,SiCepat,BCA Virtual Account,1,270000,0.0,On-Time
TRX-00405,2023-09-05,2023-09-06,CUST-066,PRD-FNB-001,STR-04,TikTok Shop,J&T Express,Credit Card,3,125000,0.0,On-Time
TRX-00446,2023-09-05,2023-09-06,CUST-046,PRD-ELEC-002,STR-15,Tokopedia,J&T Express,Cash,1,550000,0.0,On-Time
TRX-00047,2023-09-06,2023-09-08,CUST-016,PRD-ELEC-001,STR-15,Tokopedia,SiCepat,BCA Virtual Account,4,750000,0.05,On-Time
TRX-00117,2023-09-06,2023-09-08,CUST-025,PRD-FASH-002,STR-04,Tokopedia,JNE,QRIS,4,270000,0.0,On-Time
TRX-00353,2023-09-06,2023-09-08,CUST-098,PRD-HOME-005,STR-15,Shopee,JNE,Mandiri Virtual Account,3,290000,0.1,On-Time
TRX-00518,2023-09-06,2023-09-07,CUST-091,PRD-HOME-003,STR-15,Shopee,JNE,ShopeePay,1,260000,0.0,On-Time
TRX-00552,2023-09-06,2023-09-06,CUST-077,PRD-HOME-006,STR-09,Offline Store,Store Pickup,QRIS,1,175000,0.0,On-Time
TRX-00057,2023-09-07,2023-09-08,CUST-070,PRD-ELEC-002,STR-15,TikTok Shop,J&T Express,BCA Virtual Account,2,550000,0.0,On-Time
TRX-00608,2023-09-07,2023-09-09,CUST-004,PRD-ELEC-003,STR-15,Shopee,SiCepat,Mandiri Virtual Account,1,280000,0.0,On-Time
TRX-00373,2023-09-08,2023-09-09,CUST-098,PRD-FNB-001,STR-15,TikTok Shop,Instant Courier,BCA Virtual Account,1,125000,0.05,On-Time
TRX-00043,2023-09-09,2023-09-11,CUST-012,PRD-HOME-004,STR-06,TikTok Shop,JNE,GoPay,1,350000,0.0,On-Time
TRX-00395,2023-09-09,2023-09-12,CUST-042,PRD-FASH-002,STR-15,Shopee,JNE,BCA Virtual Account,1,270000,0.0,On-Time
TRX-00065,2023-09-12,2023-09-14,CUST-037,PRD-FNB-001,STR-01,Shopee,SiCepat,QRIS,2,125000,0.05,On-Time
TRX-00585,2023-09-12,2023-09-17,CUST-067,PRD-BEAU-006,STR-01,Tokopedia,SiCepat,BCA Virtual Account,2,95000,0.0,Late Delivery
TRX-00225,2023-09-13,2023-09-13,CUST-056,PRD-BEAU-003,STR-02,Offline Store,Store Pickup,Credit Card,8,85000,0.0,On-Time
TRX-00284,2023-09-13,2023-09-14,CUST-082,PRD-BEAU-002,STR-15,Tokopedia,JNE,Cash,1,110000,0.1,On-Time
TRX-00068,2023-09-14,2023-09-14,CUST-035,PRD-FNB-003,STR-08,Offline Store,Store Pickup,Cash,3,115000,0.0,On-Time
TRX-00230,2023-09-14,2023-09-14,CUST-096,PRD-FASH-006,STR-06,Offline Store,Store Pickup,Credit Card,1,450000,0.0,On-Time
TRX-00596,2023-09-14,2023-09-14,CUST-020,PRD-FASH-001,STR-05,Offline Store,Store Pickup,Cash,1,240000,0.0,On-Time
TRX-00083,2023-09-15,2023-09-15,CUST-029,PRD-BEAU-002,STR-09,Offline Store,Store Pickup,GoPay,1,110000,0.1,On-Time
TRX-00007,2023-09-16,2023-09-18,CUST-055,PRD-FNB-003,STR-06,Tokopedia,JNE,Cash,3,115000,0.0,On-Time
TRX-00108,2023-09-17,2023-09-22,CUST-010,PRD-FASH-004,STR-15,Shopee,SiCepat,BCA Virtual Account,1,160000,0.0,Late Delivery
TRX-00167,2023-09-17,2023-09-18,CUST-066,PRD-HOME-006,STR-15,Shopee,JNE,ShopeePay,1,175000,0.05,On-Time
TRX-00283,2023-09-18,2023-09-19,CUST-025,PRD-BEAU-006,STR-04,Official Website,J&T Express,Mandiri Virtual Account,1,95000,0.05,On-Time
TRX-00609,2023-09-18,2023-09-20,CUST-014,PRD-HOME-001,STR-01,Shopee,SiCepat,ShopeePay,2,220000,0.1,On-Time
TRX-00194,2023-09-19,2023-09-21,CUST-058,PRD-FNB-002,STR-15,Shopee,SiCepat,GoPay,1,90000,0.0,On-Time
TRX-00385,2023-09-19,2023-09-20,CUST-010,PRD-BEAU-006,STR-15,TikTok Shop,Instant Courier,BCA Virtual Account,2,95000,0.15,On-Time
TRX-00098,2023-09-20,2023-09-21,CUST-015,PRD-FASH-006,STR-15,TikTok Shop,SiCepat,ShopeePay,1,450000,0.0,On-Time
TRX-00045,2023-09-21,2023-09-23,CUST-001,PRD-BEAU-004,STR-15,Shopee,JNE,QRIS,8,160000,0.0,On-Time
TRX-00187,2023-09-21,2023-09-21,CUST-042,PRD-ELEC-003,STR-08,Offline Store,Store Pickup,GoPay,1,280000,0.0,On-Time
TRX-00267,2023-09-21,2023-09-24,CUST-087,PRD-FNB-003,STR-11,Official Website,Instant Courier,Mandiri Virtual Account,1,115000,0.15,On-Time
TRX-00649,2023-09-21,2023-09-21,CUST-091,PRD-FNB-001,STR-13,Offline Store,Store Pickup,Cash,1,125000,0.0,On-Time
TRX-00123,2023-09-22,2023-09-23,CUST-016,PRD-FASH-004,STR-15,Shopee,AnterAja,Mandiri Virtual Account,1,160000,0.0,On-Time
TRX-00568,2023-09-22,2023-09-23,CUST-098,PRD-BEAU-003,STR-06,Shopee,SiCepat,Mandiri Virtual Account,4,85000,0.0,On-Time
TRX-00472,2023-09-23,2023-09-25,CUST-002,PRD-BEAU-006,STR-04,Shopee,SiCepat,GoPay,2,95000,0.15,On-Time
TRX-00527,2023-09-23,2023-09-25,CUST-013,PRD-ELEC-004,STR-15,Tokopedia,J&T Express,Mandiri Virtual Account,2,1100000,0.0,On-Time
TRX-00346,2023-09-24,2023-09-25,CUST-059,PRD-FNB-006,STR-15,TikTok Shop,JNE,Mandiri Virtual Account,3,80000,0.1,On-Time
TRX-00462,2023-09-24,2023-09-24,CUST-001,PRD-HOME-001,STR-07,Offline Store,Store Pickup,GoPay,7,220000,0.0,On-Time
TRX-00469,2023-09-24,2023-09-25,CUST-037,PRD-BEAU-005,STR-15,Official Website,JNE,Cash,4,125000,0.0,On-Time
TRX-00640,2023-09-24,2023-09-25,CUST-044,PRD-BEAU-004,STR-01,Shopee,AnterAja,BCA Virtual Account,2,160000,0.0,On-Time
TRX-00342,2023-09-25,2023-09-26,CUST-054,PRD-HOME-006,STR-15,TikTok Shop,J&T Express,Cash,2,175000,0.15,On-Time
TRX-00383,2023-09-25,2023-09-29,CUST-026,PRD-FASH-006,STR-15,Tokopedia,J&T Express,GoPay,2,450000,0.0,Late Delivery
TRX-00401,2023-09-25,2023-09-26,CUST-048,PRD-BEAU-005,STR-06,Shopee,SiCepat,GoPay,1,125000,0.1,On-Time
TRX-00459,2023-09-25,2023-09-27,CUST-054,PRD-FASH-006,STR-11,Shopee,JNE,GoPay,3,450000,0.05,On-Time
TRX-00222,2023-09-26,2023-09-26,CUST-020,PRD-FASH-002,STR-05,Offline Store,Store Pickup,Cash,1,270000,0.0,On-Time
TRX-00354,2023-09-26,2023-09-27,CUST-073,PRD-ELEC-001,STR-15,Tokopedia,J&T Express,GoPay,1,750000,0.1,On-Time
TRX-00595,2023-09-26,2023-09-27,CUST-039,PRD-ELEC-006,STR-11,Official Website,JNE,ShopeePay,1,490000,0.1,On-Time
TRX-00641,2023-09-26,2023-09-27,CUST-014,PRD-BEAU-004,STR-15,Tokopedia,J&T Express,Credit Card,1,160000,0.0,On-Time
TRX-00118,2023-09-27,2023-09-30,CUST-005,PRD-BEAU-004,STR-15,Tokopedia,J&T Express,Cash,1,160000,0.1,On-Time
TRX-00374,2023-10-01,2023-10-03,CUST-026,PRD-BEAU-006,STR-06,Shopee,J&T Express,QRIS,1,95000,0.0,On-Time
TRX-00605,2023-10-01,2023-10-02,CUST-011,PRD-FNB-006,STR-06,Tokopedia,AnterAja,ShopeePay,2,80000,0.0,On-Time
TRX-00129,2023-10-02,2023-10-03,CUST-003,PRD-BEAU-003,STR-15,Tokopedia,SiCepat,ShopeePay,1,85000,0.0,On-Time
TRX-00162,2023-10-02,2023-10-03,CUST-002,PRD-FNB-004,STR-15,Tokopedia,JNE,BCA Virtual Account,1,170000,0.0,On-Time
TRX-00246,2023-10-02,2023-10-04,CUST-077,PRD-BEAU-003,STR-01,Tokopedia,J&T Express,Credit Card,3,85000,0.0,On-Time
TRX-00255,2023-10-02,2023-10-04,CUST-024,PRD-FASH-006,STR-06,Tokopedia,JNE,Credit Card,1,450000,0.0,On-Time
TRX-00012,2023-10-03,2023-10-04,CUST-096,PRD-BEAU-006,STR-15,Tokopedia,JNE,GoPay,1,95000,0.05,On-Time
TRX-00426,2023-10-03,2023-10-06,CUST-069,PRD-ELEC-001,STR-15,TikTok Shop,SiCepat,Mandiri Virtual Account,2,750000,0.0,On-Time
TRX-00427,2023-10-03,2023-10-04,CUST-090,PRD-FNB-005,STR-11,TikTok Shop,SiCepat,ShopeePay,4,140000,0.1,On-Time
TRX-00016,2023-10-04,2023-10-04,CUST-007,PRD-FASH-006,STR-01,Offline Store,Store Pickup,Cash,1,450000,0.0,On-Time
TRX-00203,2023-10-04,2023-10-06,CUST-028,PRD-FNB-001,STR-15,Shopee,AnterAja,GoPay,3,125000,0.0,On-Time
TRX-00229,2023-10-04,2023-10-04,CUST-043,PRD-HOME-001,STR-12,Offline Store,Store Pickup,BCA Virtual Account,2,220000,0.0,On-Time
TRX-00263,2023-10-05,2023-10-07,CUST-097,PRD-ELEC-002,STR-15,Tokopedia,SiCepat,Mandiri Virtual Account,2,550000,0.0,On-Time
TRX-00481,2023-10-05,2023-10-08,CUST-006,PRD-FNB-004,STR-11,Shopee,AnterAja,ShopeePay,1,170000,0.05,On-Time
TRX-00557,2023-10-05,2023-10-07,CUST-017,PRD-FASH-001,STR-15,TikTok Shop,J&T Express,Credit Card,2,240000,0.05,On-Time
TRX-00227,2023-10-06,2023-10-08,CUST-073,PRD-BEAU-004,STR-11,Shopee,SiCepat,QRIS,1,160000,0.15,On-Time
TRX-00155,2023-10-07,2023-10-07,CUST-038,PRD-BEAU-003,STR-11,Offline Store,Store Pickup,ShopeePay,4,85000,0.0,On-Time
TRX-00333,2023-10-07,2023-10-08,CUST-049,PRD-ELEC-004,STR-04,TikTok Shop,J&T Express,Cash,2,1100000,0.1,On-Time
TRX-00432,2023-10-07,2023-10-07,CUST-038,PRD-BEAU-003,STR-13,Offline Store,Store Pickup,Cash,1,85000,0.05,On-Time
TRX-00548,2023-10-07,2023-10-08,CUST-067,PRD-FNB-001,STR-15,Official Website,SiCepat,Credit Card,1,125000,0.0,On-Time
TRX-00028,2023-10-09,2023-10-10,CUST-043,PRD-FASH-006,STR-15,Tokopedia,J&T Express,Credit Card,2,450000,0.0,On-Time
TRX-00530,2023-10-09,2023-10-11,CUST-042,PRD-FNB-004,STR-04,Shopee,SiCepat,Mandiri Virtual Account,1,170000,0.1,On-Time
TRX-00582,2023-10-09,2023-10-11,CUST-009,PRD-FASH-004,STR-15,TikTok Shop,JNE,QRIS,5,160000,0.0,On-Time
TRX-00150,2023-10-10,2023-10-11,CUST-082,PRD-BEAU-001,STR-11,Shopee,J&T Express,Mandiri Virtual Account,1,135000,0.15,On-Time
TRX-00522,2023-10-10,2023-10-11,CUST-020,PRD-BEAU-002,STR-15,Shopee,SiCepat,Mandiri Virtual Account,1,110000,0.0,On-Time
TRX-00478,2023-10-11,2023-10-11,CUST-023,PRD-HOME-004,STR-05,Offline Store,Store Pickup,Mandiri Virtual Account,4,350000,0.0,On-Time
TRX-00092,2023-10-12,2023-10-12,CUST-048,PRD-ELEC-004,STR-14,Offline Store,Store Pickup,Credit Card,2,1100000,0.05,On-Time
TRX-00465,2023-10-12,2023-10-15,CUST-062,PRD-FASH-003,STR-15,Official Website,J&T Express,BCA Virtual Account,4,120000,0.05,On-Time
TRX-00534,2023-10-12,2023-10-15,CUST-074,PRD-FNB-006,STR-15,Shopee,J&T Express,Mandiri Virtual Account,1,80000,0.0,On-Time
TRX-00394,2023-10-13,2023-10-14,CUST-079,PRD-ELEC-002,STR-15,Shopee,JNE,Cash,1,550000,0.15,On-Time
TRX-00490,2023-10-13,2023-10-13,CUST-033,PRD-FASH-006,STR-10,Offline Store,Store Pickup,Mandiri Virtual Account,1,450000,0.0,On-Time
TRX-00528,2023-10-13,2023-10-15,CUST-096,PRD-HOME-006,STR-15,TikTok Shop,JNE,BCA Virtual Account,1,175000,0.0,On-Time
TRX-00362,2023-10-15,2023-10-16,CUST-083,PRD-BEAU-002,STR-15,TikTok Shop,JNE,GoPay,6,110000,0.0,On-Time
TRX-00322,2023-10-16,2023-10-17,CUST-025,PRD-FNB-003,STR-15,Shopee,JNE,Mandiri Virtual Account,4,115000,0.1,On-Time
TRX-00021,2023-10-17,2023-10-18,CUST-006,PRD-FASH-006,STR-01,Tokopedia,J&T Express,ShopeePay,1,450000,0.05,On-Time
TRX-00574,2023-10-17,2023-10-18,CUST-085,PRD-FNB-004,STR-04,Tokopedia,JNE,Cash,1,170000,0.1,On-Time
TRX-00643,2023-10-17,2023-10-18,CUST-024,PRD-FNB-005,STR-01,Tokopedia,J&T Express,GoPay,1,140000,0.0,On-Time
TRX-00347,2023-10-18,2023-10-18,CUST-076,PRD-BEAU-001,STR-10,Offline Store,Store Pickup,Cash,2,135000,0.15,On-Time
TRX-00163,2023-10-19,2023-10-22,CUST-072,PRD-FASH-001,STR-15,Shopee,JNE,Credit Card,1,240000,0.0,On-Time
TRX-00285,2023-10-19,2023-10-21,CUST-054,PRD-FASH-006,STR-11,Shopee,J&T Express,BCA Virtual Account,1,450000,0.0,On-Time
TRX-00102,2023-10-21,2023-10-25,CUST-052,PRD-BEAU-005,STR-11,Shopee,J&T Express,ShopeePay,2,125000,0.0,Late Delivery
TRX-00420,2023-10-21,2023-10-23,CUST-071,PRD-FASH-006,STR-11,Shopee,JNE,Mandiri Virtual Account,1,450000,0.05,On-Time
TRX-00630,2023-10-21,2023-10-23,CUST-007,PRD-BEAU-004,STR-15,TikTok Shop,J&T Express,Cash,4,160000,0.1,On-Time
TRX-00042,2023-10-23,2023-10-25,CUST-006,PRD-FNB-001,STR-11,TikTok Shop,J&T Express,QRIS,2,125000,0.0,On-Time
TRX-00204,2023-10-23,2023-10-24,CUST-077,PRD-FNB-001,STR-15,Shopee,SiCepat,GoPay,2,125000,0.0,On-Time
TRX-00491,2023-10-23,2023-10-24,CUST-074,PRD-BEAU-003,STR-15,Official Website,SiCepat,QRIS,2,85000,0.0,On-Time
TRX-00169,2023-10-24,2023-10-27,CUST-074,PRD-FASH-002,STR-01,Tokopedia,SiCepat,Mandiri Virtual Account,2,270000,0.05,On-Time
TRX-00442,2023-10-24,2023-10-25,CUST-052,PRD-FNB-001,STR-15,TikTok Shop,Instant Courier,Cash,1,125000,0.15,On-Time
TRX-00581,2023-10-24,2023-10-26,CUST-047,PRD-FNB-006,STR-06,Shopee,AnterAja,Cash,1,80000,0.1,On-Time
TRX-00168,2023-10-26,2023-10-28,CUST-040,PRD-FNB-002,STR-15,TikTok Shop,J&T Express,Cash,3,90000,0.1,On-Time
TRX-00455,2023-10-26,2023-10-28,CUST-099,PRD-ELEC-006,STR-01,Tokopedia,AnterAja,BCA Virtual Account,2,490000,0.0,On-Time
TRX-00086,2023-10-27,2023-10-28,CUST-071,PRD-BEAU-005,STR-15,Shopee,SiCepat,QRIS,1,125000,0.2,On-Time
TRX-00430,2023-10-27,2023-10-29,CUST-006,PRD-BEAU-005,STR-15,Shopee,SiCepat,GoPay,2,125000,0.0,On-Time
TRX-00051,2023-10-28,2023-10-30,CUST-075,PRD-BEAU-004,STR-15,Shopee,SiCepat,ShopeePay,1,160000,0.0,On-Time
TRX-00075,2023-10-28,2023-11-01,CUST-096,PRD-BEAU-006,STR-15,Tokopedia,JNE,BCA Virtual Account,1,95000,0.0,Late Delivery
TRX-00090,2023-10-28,2023-10-31,CUST-072,PRD-HOME-006,STR-01,Shopee,SiCepat,QRIS,1,175000,0.0,On-Time
TRX-00210,2023-10-28,2023-10-28,CUST-093,PRD-BEAU-004,STR-06,Offline Store,Store Pickup,GoPay,1,160000,0.0,On-Time
TRX-00038,2023-10-29,2023-11-01,CUST-085,PRD-FNB-002,STR-01,Shopee,AnterAja,BCA Virtual Account,3,90000,0.0,On-Time
TRX-00265,2023-10-29,2023-11-01,CUST-089,PRD-FASH-006,STR-01,Shopee,SiCepat,Cash,3,450000,0.05,On-Time
TRX-00281,2023-10-29,2023-10-30,CUST-094,PRD-HOME-001,STR-15,Official Website,SiCepat,Credit Card,1,220000,0.0,On-Time
TRX-00328,2023-10-29,2023-10-31,CUST-023,PRD-HOME-001,STR-15,Tokopedia,J&T Express,Credit Card,4,220000,0.05,On-Time
TRX-00460,2023-10-29,2023-10-31,CUST-095,PRD-FNB-006,STR-15,TikTok Shop,J&T Express,Cash,8,80000,0.1,On-Time
TRX-00390,2023-10-30,2023-11-02,CUST-062,PRD-FNB-002,STR-04,TikTok Shop,SiCepat,Cash,1,90000,0.0,On-Time
TRX-00500,2023-10-30,2023-10-31,CUST-077,PRD-HOME-003,STR-15,TikTok Shop,SiCepat,GoPay,2,260000,0.05,On-Time
TRX-00610,2023-10-30,2023-10-30,CUST-053,PRD-FASH-002,STR-07,Offline Store,Store Pickup,BCA Virtual Account,2,270000,0.0,On-Time
TRX-00014,2023-10-31,2023-11-01,CUST-073,PRD-BEAU-004,STR-15,Tokopedia,J&T Express,Mandiri Virtual Account,1,160000,0.05,On-Time
TRX-00321,2023-10-31,2023-11-02,CUST-041,PRD-FNB-002,STR-04,TikTok Shop,JNE,Mandiri Virtual Account,2,90000,0.0,On-Time
TRX-00604,2023-10-31,2023-11-02,CUST-081,PRD-FNB-003,STR-15,TikTok Shop,AnterAja,QRIS,7,115000,0.05,On-Time
TRX-00345,2023-11-01,2023-11-02,CUST-034,PRD-FASH-005,STR-15,Tokopedia,JNE,GoPay,3,320000,0.15,On-Time
TRX-00356,2023-11-01,2023-11-02,CUST-058,PRD-ELEC-006,STR-15,TikTok Shop,AnterAja,Cash,4,490000,0.0,On-Time
TRX-00080,2023-11-02,2023-11-02,CUST-001,PRD-FASH-003,STR-09,Offline Store,Store Pickup,GoPay,8,120000,0.2,On-Time
TRX-00192,2023-11-02,2023-11-04,CUST-011,PRD-HOME-005,STR-15,Tokopedia,J&T Express,Credit Card,1,290000,0.05,On-Time
TRX-00613,2023-11-02,2023-11-03,CUST-060,PRD-FASH-005,STR-11,Tokopedia,J&T Express,Cash,1,320000,0.1,On-Time
TRX-00614,2023-11-02,2023-11-05,CUST-099,PRD-FNB-003,STR-15,TikTok Shop,AnterAja,Cash,1,115000,0.0,On-Time
TRX-00099,2023-11-03,2023-11-04,CUST-008,PRD-ELEC-001,STR-04,Official Website,J&T Express,ShopeePay,1,750000,0.15,On-Time
TRX-00282,2023-11-04,2023-11-05,CUST-093,PRD-BEAU-002,STR-06,Tokopedia,AnterAja,Credit Card,1,110000,0.15,On-Time
TRX-00364,2023-11-04,2023-11-07,CUST-052,PRD-BEAU-004,STR-15,Tokopedia,J&T Express,ShopeePay,1,160000,0.0,On-Time
TRX-00323,2023-11-05,2023-11-05,CUST-029,PRD-ELEC-001,STR-04,Offline Store,Store Pickup,Cash,1,750000,0.0,On-Time
TRX-00450,2023-11-06,2023-11-07,CUST-001,PRD-HOME-005,STR-15,Tokopedia,J&T Express,Mandiri Virtual Account,3,290000,0.0,On-Time
TRX-00166,2023-11-07,2023-11-08,CUST-066,PRD-ELEC-005,STR-11,Tokopedia,SiCepat,GoPay,1,320000,0.05,On-Time
TRX-00191,2023-11-07,2023-11-09,CUST-048,PRD-HOME-002,STR-06,Official Website,AnterAja,QRIS,2,195000,0.15,On-Time
TRX-00406,2023-11-07,2023-11-08,CUST-042,PRD-HOME-005,STR-01,TikTok Shop,J&T Express,GoPay,3,290000,0.0,On-Time
TRX-00593,2023-11-07,2023-11-09,CUST-050,PRD-ELEC-006,STR-15,Official Website,AnterAja,GoPay,6,490000,0.0,On-Time
TRX-00290,2023-11-08,2023-11-09,CUST-008,PRD-FASH-004,STR-15,Tokopedia,J&T Express,ShopeePay,2,160000,0.05,On-Time
TRX-00360,2023-11-08,2023-11-09,CUST-040,PRD-BEAU-005,STR-15,Shopee,JNE,ShopeePay,4,125000,0.05,On-Time
TRX-00402,2023-11-09,2023-11-10,CUST-026,PRD-FASH-001,STR-06,Tokopedia,J&T Express,Cash,1,240000,0.1,On-Time
TRX-00556,2023-11-10,2023-11-12,CUST-081,PRD-BEAU-004,STR-15,TikTok Shop,JNE,ShopeePay,3,160000,0.0,On-Time
TRX-00109,2023-11-11,2023-11-11,CUST-077,PRD-HOME-005,STR-12,Offline Store,Store Pickup,BCA Virtual Account,1,290000,0.05,On-Time
TRX-00231,2023-11-11,2023-11-12,CUST-077,PRD-HOME-001,STR-04,TikTok Shop,JNE,Credit Card,4,220000,0.0,On-Time
TRX-00413,2023-11-12,2023-11-14,CUST-087,PRD-BEAU-006,STR-15,TikTok Shop,JNE,QRIS,1,95000,0.0,On-Time
TRX-00526,2023-11-12,2023-11-12,CUST-035,PRD-HOME-005,STR-02,Offline Store,Store Pickup,Mandiri Virtual Account,2,290000,0.05,On-Time
TRX-00565,2023-11-12,2023-11-14,CUST-063,PRD-BEAU-005,STR-15,Tokopedia,J&T Express,ShopeePay,1,125000,0.0,On-Time
TRX-00398,2023-11-13,2023-11-16,CUST-082,PRD-FASH-004,STR-15,TikTok Shop,JNE,Cash,3,160000,0.05,On-Time
TRX-00480,2023-11-13,2023-11-14,CUST-046,PRD-ELEC-005,STR-11,Tokopedia,JNE,Cash,2,320000,0.0,On-Time
TRX-00239,2023-11-14,2023-11-16,CUST-049,PRD-FNB-002,STR-06,Shopee,SiCepat,GoPay,3,90000,0.0,On-Time
TRX-00578,2023-11-14,2023-11-15,CUST-081,PRD-HOME-006,STR-15,Tokopedia,SiCepat,Cash,8,175000,0.1,On-Time
TRX-00093,2023-11-15,2023-11-15,CUST-079,PRD-BEAU-004,STR-14,Offline Store,Store Pickup,QRIS,2,160000,0.0,On-Time
TRX-00119,2023-11-16,2023-11-17,CUST-022,PRD-BEAU-006,STR-15,TikTok Shop,JNE,QRIS,1,95000,0.0,On-Time
TRX-00516,2023-11-17,2023-11-18,CUST-008,PRD-ELEC-002,STR-15,Shopee,JNE,Credit Card,1,550000,0.0,On-Time
TRX-00554,2023-11-17,2023-11-18,CUST-039,PRD-FASH-002,STR-15,Tokopedia,J&T Express,Cash,4,270000,0.2,On-Time
TRX-00106,2023-11-18,2023-11-20,CUST-064,PRD-HOME-003,STR-11,Shopee,SiCepat,Credit Card,2,260000,0.1,On-Time
TRX-00280,2023-11-18,2023-11-19,CUST-096,PRD-ELEC-005,STR-15,Shopee,AnterAja,BCA Virtual Account,3,320000,0.05,On-Time
TRX-00488,2023-11-19,2023-11-20,CUST-067,PRD-HOME-006,STR-15,Shopee,SiCepat,QRIS,2,175000,0.1,On-Time
TRX-00372,2023-11-20,2023-11-22,CUST-023,PRD-FASH-005,STR-15,Shopee,SiCepat,Mandiri Virtual Account,7,320000,0.0,On-Time
TRX-00539,2023-11-20,2023-11-21,CUST-049,PRD-ELEC-002,STR-15,Shopee,JNE,BCA Virtual Account,1,550000,0.0,On-Time
TRX-00058,2023-11-21,2023-11-22,CUST-091,PRD-FNB-004,STR-15,Tokopedia,JNE,GoPay,1,170000,0.0,On-Time
TRX-00627,2023-11-21,2023-11-21,CUST-070,PRD-FNB-002,STR-09,Offline Store,Store Pickup,Cash,1,90000,0.05,On-Time
TRX-00271,2023-11-22,2023-11-23,CUST-086,PRD-BEAU-005,STR-15,Shopee,JNE,GoPay,1,125000,0.0,On-Time
TRX-00615,2023-11-22,2023-11-23,CUST-001,PRD-FNB-001,STR-15,Shopee,SiCepat,Mandiri Virtual Account,3,125000,0.05,On-Time
TRX-00008,2023-11-23,2023-11-24,CUST-036,PRD-FNB-001,STR-15,Tokopedia,SiCepat,GoPay,2,125000,0.0,On-Time
TRX-00072,2023-11-23,2023-11-25,CUST-048,PRD-ELEC-004,STR-11,TikTok Shop,JNE,QRIS,2,1100000,0.0,On-Time
TRX-00220,2023-11-23,2023-11-24,CUST-086,PRD-FNB-006,STR-15,Shopee,SiCepat,Credit Card,2,80000,0.0,On-Time
TRX-00366,2023-11-23,2023-11-25,CUST-061,PRD-FNB-006,STR-15,Shopee,SiCepat,GoPay,3,80000,0.0,On-Time
TRX-00638,2023-11-23,2023-11-23,CUST-046,PRD-FNB-004,STR-06,Offline Store,Store Pickup,GoPay,1,170000,0.15,On-Time
TRX-00062,2023-11-24,2023-11-25,CUST-055,PRD-BEAU-005,STR-15,Tokopedia,JNE,Credit Card,1,125000,0.1,On-Time
TRX-00253,2023-11-24,2023-11-24,CUST-085,PRD-HOME-002,STR-08,Offline Store,Store Pickup,Credit Card,1,195000,0.05,On-Time
TRX-00327,2023-11-24,2023-11-25,CUST-063,PRD-BEAU-003,STR-06,TikTok Shop,SiCepat,QRIS,1,85000,0.05,On-Time
TRX-00330,2023-11-24,2023-11-25,CUST-073,PRD-ELEC-004,STR-15,Official Website,Instant Courier,BCA Virtual Account,3,1100000,0.0,On-Time
TRX-00379,2023-11-24,2023-11-24,CUST-033,PRD-FNB-001,STR-11,Offline Store,Store Pickup,BCA Virtual Account,1,125000,0.0,On-Time
TRX-00493,2023-11-24,2023-11-24,CUST-044,PRD-HOME-002,STR-02,Offline Store,Store Pickup,BCA Virtual Account,2,195000,0.05,On-Time
TRX-00184,2023-11-25,2023-11-25,CUST-070,PRD-HOME-005,STR-08,Offline Store,Store Pickup,GoPay,1,290000,0.15,On-Time
TRX-00537,2023-11-25,2023-11-26,CUST-039,PRD-ELEC-002,STR-15,Tokopedia,SiCepat,Cash,2,550000,0.05,On-Time
TRX-00133,2023-11-26,2023-11-26,CUST-023,PRD-FNB-003,STR-08,Offline Store,Store Pickup,QRIS,8,115000,0.05,On-Time
TRX-00105,2023-11-27,2023-11-28,CUST-019,PRD-FASH-002,STR-15,Tokopedia,SiCepat,Cash,1,270000,0.0,On-Time
TRX-00247,2023-11-27,2023-11-27,CUST-087,PRD-BEAU-003,STR-07,Offline Store,Store Pickup,BCA Virtual Account,1,85000,0.1,On-Time
TRX-00259,2023-11-27,2023-11-28,CUST-023,PRD-HOME-006,STR-15,Tokopedia,JNE,GoPay,3,175000,0.0,On-Time
TRX-00517,2023-11-27,2023-11-28,CUST-097,PRD-FASH-006,STR-01,Tokopedia,JNE,BCA Virtual Account,2,450000,0.0,On-Time
TRX-00570,2023-11-27,2023-11-28,CUST-058,PRD-ELEC-003,STR-11,Official Website,SiCepat,ShopeePay,2,280000,0.0,On-Time
TRX-00646,2023-11-27,2023-11-29,CUST-063,PRD-ELEC-004,STR-01,Tokopedia,AnterAja,BCA Virtual Account,1,1100000,0.1,On-Time
TRX-00433,2023-11-28,2023-11-30,CUST-048,PRD-ELEC-001,STR-15,Tokopedia,SiCepat,BCA Virtual Account,1,750000,0.05,On-Time
TRX-00563,2023-11-29,2023-12-01,CUST-048,PRD-ELEC-006,STR-15,Tokopedia,J&T Express,BCA Virtual Account,3,490000,0.0,On-Time
TRX-00572,2023-11-29,2023-11-30,CUST-092,PRD-FNB-002,STR-04,Tokopedia,SiCepat,QRIS,1,90000,0.05,On-Time
TRX-00224,2023-12-01,2023-12-03,CUST-084,PRD-FNB-001,STR-15,Shopee,SiCepat,BCA Virtual Account,1,125000,0.0,On-Time
TRX-00380,2023-12-01,2023-12-02,CUST-003,PRD-ELEC-002,STR-15,Shopee,JNE,QRIS,2,550000,0.0,On-Time
TRX-00296,2023-12-02,2023-12-03,CUST-054,PRD-FASH-002,STR-15,Official Website,J&T Express,Credit Card,1,270000,0.0,On-Time
TRX-00301,2023-12-03,2023-12-07,CUST-049,PRD-FNB-004,STR-11,Tokopedia,JNE,Mandiri Virtual Account,2,170000,0.0,Late Delivery
TRX-00470,2023-12-03,2023-12-05,CUST-067,PRD-FASH-004,STR-01,Shopee,SiCepat,GoPay,1,160000,0.1,On-Time
TRX-00642,2023-12-03,2023-12-05,CUST-028,PRD-BEAU-002,STR-06,Tokopedia,J&T Express,QRIS,2,110000,0.05,On-Time
TRX-00002,2023-12-04,2023-12-06,CUST-011,PRD-FASH-004,STR-06,Shopee,SiCepat,Mandiri Virtual Account,1,160000,0.05,On-Time
TRX-00066,2023-12-04,2023-12-05,CUST-088,PRD-FNB-003,STR-15,TikTok Shop,SiCepat,GoPay,1,115000,0.0,On-Time
TRX-00400,2023-12-04,2023-12-04,CUST-029,PRD-ELEC-001,STR-05,Offline Store,Store Pickup,Credit Card,1,750000,0.1,On-Time
TRX-00438,2023-12-04,2023-12-05,CUST-040,PRD-BEAU-005,STR-15,Shopee,JNE,Mandiri Virtual Account,1,125000,0.05,On-Time
TRX-00454,2023-12-05,2023-12-06,CUST-037,PRD-ELEC-003,STR-15,Shopee,J&T Express,Mandiri Virtual Account,1,280000,0.05,On-Time
TRX-00044,2023-12-06,2023-12-08,CUST-052,PRD-FNB-003,STR-15,Tokopedia,J&T Express,Cash,2,115000,0.0,On-Time
TRX-00304,2023-12-06,2023-12-06,CUST-017,PRD-FASH-002,STR-07,Offline Store,Store Pickup,QRIS,1,270000,0.1,On-Time
TRX-00549,2023-12-06,2023-12-07,CUST-068,PRD-ELEC-002,STR-04,Tokopedia,SiCepat,QRIS,4,550000,0.0,On-Time
TRX-00648,2023-12-07,2023-12-07,CUST-050,PRD-FASH-003,STR-10,Offline Store,Store Pickup,BCA Virtual Account,3,120000,0.05,On-Time
TRX-00341,2023-12-08,2023-12-09,CUST-013,PRD-ELEC-003,STR-04,Shopee,J&T Express,ShopeePay,2,280000,0.1,On-Time
TRX-00013,2023-12-09,2023-12-10,CUST-087,PRD-FNB-002,STR-15,Shopee,SiCepat,ShopeePay,1,90000,0.0,On-Time
TRX-00257,2023-12-11,2023-12-12,CUST-091,PRD-FNB-002,STR-15,Tokopedia,J&T Express,Mandiri Virtual Account,1,90000,0.05,On-Time
TRX-00297,2023-12-11,2023-12-14,CUST-007,PRD-ELEC-006,STR-15,Tokopedia,AnterAja,Cash,1,490000,0.0,On-Time
TRX-00540,2023-12-11,2023-12-13,CUST-094,PRD-HOME-001,STR-15,TikTok Shop,JNE,Mandiri Virtual Account,4,220000,0.1,On-Time
TRX-00186,2023-12-12,2023-12-12,CUST-097,PRD-FASH-001,STR-14,Offline Store,Store Pickup,ShopeePay,1,240000,0.1,On-Time
TRX-00249,2023-12-14,2023-12-18,CUST-076,PRD-BEAU-005,STR-15,Tokopedia,JNE,BCA Virtual Account,1,125000,0.0,Late Delivery
TRX-00392,2023-12-14,2023-12-15,CUST-068,PRD-FNB-001,STR-11,TikTok Shop,SiCepat,Credit Card,7,125000,0.05,On-Time
TRX-00164,2023-12-15,2023-12-16,CUST-079,PRD-ELEC-004,STR-11,Shopee,SiCepat,Mandiri Virtual Account,1,1100000,0.0,On-Time
TRX-00170,2023-12-15,2023-12-16,CUST-032,PRD-ELEC-002,STR-15,Tokopedia,JNE,Mandiri Virtual Account,1,550000,0.05,On-Time
TRX-00277,2023-12-15,2023-12-16,CUST-057,PRD-ELEC-001,STR-06,Tokopedia,SiCepat,Mandiri Virtual Account,1,750000,0.0,On-Time
TRX-00616,2023-12-15,2023-12-20,CUST-041,PRD-FASH-004,STR-11,Shopee,JNE,GoPay,1,160000,0.15,Late Delivery
TRX-00198,2023-12-16,2023-12-18,CUST-085,PRD-FNB-004,STR-15,Shopee,JNE,QRIS,1,170000,0.05,On-Time
TRX-00273,2023-12-16,2023-12-16,CUST-098,PRD-ELEC-002,STR-01,Offline Store,Store Pickup,BCA Virtual Account,1,550000,0.05,On-Time
TRX-00412,2023-12-16,2023-12-19,CUST-033,PRD-ELEC-005,STR-04,Tokopedia,J&T Express,BCA Virtual Account,2,320000,0.05,On-Time
TRX-00479,2023-12-16,2023-12-19,CUST-025,PRD-HOME-004,STR-15,Tokopedia,J&T Express,Cash,2,350000,0.0,On-Time
TRX-00116,2023-12-17,2023-12-21,CUST-068,PRD-ELEC-003,STR-15,Shopee,JNE,GoPay,7,280000,0.05,Late Delivery
TRX-00467,2023-12-17,2023-12-21,CUST-091,PRD-ELEC-002,STR-15,Tokopedia,J&T Express,ShopeePay,1,550000,0.15,Late Delivery
TRX-00089,2023-12-18,2023-12-19,CUST-061,PRD-ELEC-003,STR-04,Shopee,JNE,BCA Virtual Account,1,280000,0.0,On-Time
TRX-00381,2023-12-18,2023-12-20,CUST-081,PRD-ELEC-001,STR-15,Tokopedia,SiCepat,ShopeePay,4,750000,0.0,On-Time
TRX-00357,2023-12-19,2023-12-19,CUST-012,PRD-FASH-004,STR-13,Offline Store,Store Pickup,Mandiri Virtual Account,1,160000,0.0,On-Time
TRX-00393,2023-12-19,2023-12-20,CUST-090,PRD-BEAU-002,STR-15,Tokopedia,SiCepat,Cash,1,110000,0.05,On-Time
TRX-00029,2023-12-20,2023-12-21,CUST-024,PRD-FASH-001,STR-11,Official Website,JNE,BCA Virtual Account,1,240000,0.0,On-Time
TRX-00076,2023-12-20,2023-12-20,CUST-048,PRD-FASH-001,STR-02,Offline Store,Store Pickup,QRIS,1,240000,0.15,On-Time
TRX-00103,2023-12-20,2023-12-23,CUST-047,PRD-ELEC-003,STR-15,Shopee,J&T Express,QRIS,1,280000,0.0,On-Time
TRX-00241,2023-12-22,2023-12-23,CUST-082,PRD-HOME-004,STR-15,Shopee,SiCepat,Credit Card,4,350000,0.1,On-Time
TRX-00270,2023-12-22,2023-12-24,CUST-048,PRD-HOME-003,STR-04,Tokopedia,SiCepat,ShopeePay,4,260000,0.0,On-Time
TRX-00475,2023-12-22,2023-12-23,CUST-057,PRD-HOME-001,STR-11,Official Website,JNE,Credit Card,1,220000,0.1,On-Time
TRX-00178,2023-12-23,2023-12-25,CUST-035,PRD-ELEC-005,STR-15,TikTok Shop,SiCepat,QRIS,2,320000,0.05,On-Time
TRX-00351,2023-12-23,2023-12-24,CUST-088,PRD-ELEC-004,STR-04,Shopee,SiCepat,QRIS,4,1100000,0.0,On-Time
TRX-00509,2023-12-23,2023-12-25,CUST-005,PRD-FASH-005,STR-15,Tokopedia,JNE,Mandiri Virtual Account,1,320000,0.1,On-Time
TRX-00031,2023-12-24,2023-12-24,CUST-017,PRD-BEAU-003,STR-10,Offline Store,Store Pickup,GoPay,3,85000,0.0,On-Time
TRX-00018,2023-12-25,2023-12-25,CUST-033,PRD-FNB-001,STR-12,Offline Store,Store Pickup,BCA Virtual Account,1,125000,0.05,On-Time
TRX-00276,2023-12-25,2023-12-27,CUST-097,PRD-FASH-002,STR-15,Tokopedia,J&T Express,Credit Card,1,270000,0.0,On-Time
TRX-00496,2023-12-25,2023-12-26,CUST-096,PRD-ELEC-003,STR-11,Tokopedia,JNE,Cash,1,280000,0.0,On-Time
TRX-00268,2023-12-26,2023-12-27,CUST-017,PRD-FASH-002,STR-06,Tokopedia,JNE,QRIS,1,270000,0.0,On-Time
TRX-00287,2023-12-26,2023-12-30,CUST-052,PRD-ELEC-003,STR-15,Tokopedia,J&T Express,Cash,2,280000,0.0,Late Delivery
TRX-00524,2023-12-26,2023-12-28,CUST-076,PRD-FASH-003,STR-15,Official Website,AnterAja,Cash,1,120000,0.0,On-Time
TRX-00308,2023-12-27,2023-12-28,CUST-090,PRD-BEAU-002,STR-15,Shopee,J&T Express,Credit Card,1,110000,0.1,On-Time
TRX-00355,2023-12-27,2023-12-28,CUST-026,PRD-FASH-003,STR-11,Shopee,SiCepat,ShopeePay,1,120000,0.0,On-Time
TRX-00172,2023-12-28,2023-12-29,CUST-018,PRD-HOME-005,STR-15,TikTok Shop,JNE,Credit Card,1,290000,0.0,On-Time
TRX-00584,2023-12-28,2023-12-29,CUST-037,PRD-HOME-002,STR-11,Shopee,JNE,Credit Card,2,195000,0.0,On-Time
TRX-00636,2023-12-28,2023-12-28,CUST-050,PRD-HOME-004,STR-01,Offline Store,Store Pickup,GoPay,4,350000,0.0,On-Time
TRX-00331,2023-12-29,2023-12-30,CUST-086,PRD-BEAU-003,STR-15,Tokopedia,SiCepat,Cash,2,85000,0.0,On-Time
TRX-00146,2023-12-30,2024-01-01,CUST-009,PRD-HOME-006,STR-15,Tokopedia,SiCepat,Mandiri Virtual Account,6,175000,0.0,On-Time
TRX-00302,2023-12-31,2023-12-31,CUST-036,PRD-ELEC-003,STR-07,Offline Store,Store Pickup,QRIS,1,280000,0.0,On-Time
TRX-00682,2024-01-01,2024-01-02,CUST-081,PRD-ELEC-003,STR-15,Shopee,JNE,Credit Card,5,280000,0.1,On-Time
TRX-01007,2024-01-01,2024-01-01,CUST-032,PRD-FASH-004,STR-05,Offline Store,Store Pickup,QRIS,1,160000,0.15,On-Time
TRX-01445,2024-01-01,2024-01-03,CUST-040,PRD-HOME-004,STR-01,Tokopedia,JNE,QRIS,1,350000,0.15,On-Time
TRX-00973,2024-01-02,2024-01-02,CUST-059,PRD-FNB-004,STR-03,Offline Store,Store Pickup,BCA Virtual Account,2,170000,0.05,On-Time
TRX-00678,2024-01-03,2024-01-04,CUST-054,PRD-ELEC-002,STR-15,Official Website,JNE,Cash,1,550000,0.0,On-Time
TRX-00838,2024-01-03,2024-01-03,CUST-059,PRD-FASH-005,STR-10,Offline Store,Store Pickup,QRIS,4,320000,0.1,On-Time
TRX-00956,2024-01-03,2024-01-08,CUST-002,PRD-FNB-004,STR-11,Shopee,AnterAja,GoPay,1,170000,0.05,Late Delivery
TRX-01034,2024-01-03,2024-01-05,CUST-046,PRD-FNB-005,STR-15,Tokopedia,JNE,BCA Virtual Account,3,140000,0.0,On-Time
TRX-01126,2024-01-03,2024-01-05,CUST-054,PRD-ELEC-002,STR-06,Shopee,AnterAja,GoPay,1,550000,0.0,On-Time
TRX-01412,2024-01-03,2024-01-04,CUST-098,PRD-HOME-001,STR-15,TikTok Shop,JNE,Cash,1,220000,0.0,On-Time
TRX-00663,2024-01-04,2024-01-06,CUST-001,PRD-ELEC-006,STR-15,TikTok Shop,SiCepat,ShopeePay,2,490000,0.05,On-Time
TRX-01271,2024-01-04,2024-01-05,CUST-063,PRD-FNB-003,STR-11,Tokopedia,JNE,Mandiri Virtual Account,2,115000,0.0,On-Time
TRX-00813,2024-01-05,2024-01-07,CUST-014,PRD-BEAU-003,STR-15,Shopee,SiCepat,GoPay,2,85000,0.0,On-Time
TRX-01066,2024-01-05,2024-01-07,CUST-014,PRD-HOME-006,STR-15,Official Website,JNE,ShopeePay,2,175000,0.0,On-Time
TRX-01562,2024-01-05,2024-01-05,CUST-093,PRD-ELEC-001,STR-02,Offline Store,Store Pickup,Mandiri Virtual Account,2,750000,0.0,On-Time
TRX-00932,2024-01-06,2024-01-07,CUST-033,PRD-ELEC-004,STR-15,TikTok Shop,JNE,QRIS,2,1100000,0.0,On-Time
TRX-01058,2024-01-06,2024-01-09,CUST-046,PRD-FASH-002,STR-15,Tokopedia,SiCepat,Cash,2,270000,0.0,On-Time
TRX-01330,2024-01-06,2024-01-08,CUST-028,PRD-BEAU-003,STR-15,Official Website,AnterAja,Cash,1,85000,0.0,On-Time
TRX-01521,2024-01-06,2024-01-06,CUST-054,PRD-FNB-003,STR-14,Offline Store,Store Pickup,Cash,1,115000,0.0,On-Time
TRX-01471,2024-01-07,2024-01-08,CUST-013,PRD-BEAU-005,STR-15,Shopee,SiCepat,Cash,2,125000,0.0,On-Time
TRX-01503,2024-01-07,2024-01-07,CUST-001,PRD-FASH-005,STR-10,Offline Store,Store Pickup,Credit Card,5,320000,0.0,On-Time
TRX-00938,2024-01-09,2024-01-12,CUST-054,PRD-ELEC-001,STR-01,Tokopedia,J&T Express,Cash,4,750000,0.0,On-Time
TRX-01324,2024-01-09,2024-01-09,CUST-043,PRD-FNB-003,STR-03,Offline Store,Store Pickup,Credit Card,2,115000,0.1,On-Time
TRX-01457,2024-01-09,2024-01-10,CUST-026,PRD-BEAU-006,STR-15,Official Website,JNE,Credit Card,2,95000,0.0,On-Time
TRX-00722,2024-01-10,2024-01-11,CUST-100,PRD-HOME-004,STR-04,Tokopedia,JNE,BCA Virtual Account,2,350000,0.0,On-Time
TRX-00934,2024-01-10,2024-01-11,CUST-078,PRD-ELEC-004,STR-15,Official Website,SiCepat,GoPay,1,1100000,0.0,On-Time
TRX-01225,2024-01-10,2024-01-11,CUST-071,PRD-HOME-004,STR-15,TikTok Shop,JNE,ShopeePay,1,350000,0.1,On-Time
TRX-00760,2024-01-11,2024-01-14,CUST-008,PRD-FNB-004,STR-15,Tokopedia,Instant Courier,QRIS,3,170000,0.0,On-Time
TRX-01150,2024-01-11,2024-01-11,CUST-037,PRD-ELEC-001,STR-08,Offline Store,Store Pickup,GoPay,2,750000,0.1,On-Time
TRX-01537,2024-01-11,2024-01-12,CUST-056,PRD-FNB-002,STR-04,Shopee,JNE,ShopeePay,4,90000,0.0,On-Time
TRX-00691,2024-01-12,2024-01-14,CUST-038,PRD-HOME-002,STR-15,Tokopedia,JNE,GoPay,4,195000,0.0,On-Time
TRX-00918,2024-01-12,2024-01-12,CUST-073,PRD-FNB-002,STR-06,Offline Store,Store Pickup,Credit Card,1,90000,0.0,On-Time
TRX-01051,2024-01-12,2024-01-17,CUST-022,PRD-BEAU-002,STR-11,Tokopedia,J&T Express,Mandiri Virtual Account,1,110000,0.15,Late Delivery
TRX-01372,2024-01-12,2024-01-14,CUST-097,PRD-FASH-004,STR-11,Tokopedia,J&T Express,Cash,1,160000,0.0,On-Time
TRX-01380,2024-01-12,2024-01-13,CUST-096,PRD-BEAU-002,STR-06,TikTok Shop,AnterAja,GoPay,3,110000,0.05,On-Time
TRX-00681,2024-01-13,2024-01-14,CUST-059,PRD-HOME-003,STR-04,Shopee,JNE,QRIS,2,260000,0.1,On-Time
TRX-00879,2024-01-13,2024-01-14,CUST-095,PRD-FASH-002,STR-15,Tokopedia,J&T Express,QRIS,7,270000,0.0,On-Time
TRX-01261,2024-01-13,2024-01-13,CUST-089,PRD-ELEC-006,STR-07,Offline Store,Store Pickup,ShopeePay,4,490000,0.0,On-Time
TRX-00710,2024-01-14,2024-01-16,CUST-001,PRD-ELEC-005,STR-01,TikTok Shop,J&T Express,GoPay,4,320000,0.0,On-Time
TRX-00794,2024-01-14,2024-01-15,CUST-037,PRD-BEAU-004,STR-11,Shopee,J&T Express,BCA Virtual Account,4,160000,0.0,On-Time
TRX-01014,2024-01-14,2024-01-16,CUST-078,PRD-FASH-002,STR-15,Tokopedia,J&T Express,GoPay,1,270000,0.0,On-Time
TRX-01224,2024-01-14,2024-01-14,CUST-100,PRD-FNB-002,STR-11,Offline Store,Store Pickup,QRIS,2,90000,0.0,On-Time
TRX-01432,2024-01-14,2024-01-15,CUST-057,PRD-FNB-004,STR-15,Shopee,JNE,ShopeePay,2,170000,0.05,On-Time
TRX-01486,2024-01-14,2024-01-15,CUST-064,PRD-FASH-002,STR-15,Tokopedia,SiCepat,BCA Virtual Account,2,270000,0.2,On-Time
TRX-00670,2024-01-15,2024-01-16,CUST-063,PRD-HOME-005,STR-15,Official Website,JNE,QRIS,1,290000,0.1,On-Time
TRX-00758,2024-01-15,2024-01-16,CUST-032,PRD-FNB-002,STR-15,TikTok Shop,SiCepat,Mandiri Virtual Account,2,90000,0.0,On-Time
TRX-01477,2024-01-15,2024-01-15,CUST-094,PRD-HOME-003,STR-06,Offline Store,Store Pickup,GoPay,2,260000,0.0,On-Time
TRX-01145,2024-01-16,2024-01-17,CUST-015,PRD-ELEC-006,STR-15,Tokopedia,J&T Express,Mandiri Virtual Account,2,490000,0.0,On-Time
TRX-01321,2024-01-16,2024-01-18,CUST-092,PRD-FNB-006,STR-15,Shopee,SiCepat,Credit Card,1,80000,0.05,On-Time
TRX-01084,2024-01-17,2024-01-18,CUST-078,PRD-FNB-001,STR-15,Shopee,AnterAja,QRIS,1,125000,0.0,On-Time
TRX-01137,2024-01-17,2024-01-19,CUST-016,PRD-FASH-005,STR-15,TikTok Shop,J&T Express,BCA Virtual Account,4,320000,0.0,On-Time
TRX-00960,2024-01-18,2024-01-22,CUST-047,PRD-BEAU-003,STR-15,TikTok Shop,SiCepat,Mandiri Virtual Account,2,85000,0.0,Late Delivery
TRX-01320,2024-01-18,2024-01-20,CUST-083,PRD-FASH-003,STR-01,Tokopedia,J&T Express,Credit Card,7,120000,0.0,On-Time
TRX-01442,2024-01-18,2024-01-20,CUST-095,PRD-FNB-004,STR-15,Tokopedia,SiCepat,Mandiri Virtual Account,3,170000,0.15,On-Time
TRX-01594,2024-01-18,2024-01-20,CUST-083,PRD-FASH-004,STR-06,TikTok Shop,J&T Express,Mandiri Virtual Account,4,160000,0.05,On-Time
TRX-00790,2024-01-19,2024-01-20,CUST-061,PRD-FASH-003,STR-06,Tokopedia,JNE,QRIS,1,120000,0.0,On-Time
TRX-00814,2024-01-19,2024-01-20,CUST-063,PRD-HOME-001,STR-01,TikTok Shop,AnterAja,QRIS,1,220000,0.05,On-Time
TRX-01097,2024-01-21,2024-01-21,CUST-092,PRD-FNB-001,STR-10,Offline Store,Store Pickup,BCA Virtual Account,2,125000,0.0,On-Time
TRX-01103,2024-01-22,2024-01-23,CUST-080,PRD-BEAU-003,STR-15,TikTok Shop,J&T Express,ShopeePay,1,85000,0.1,On-Time
TRX-01246,2024-01-22,2024-01-22,CUST-071,PRD-BEAU-005,STR-05,Offline Store,Store Pickup,BCA Virtual Account,1,125000,0.15,On-Time
TRX-00896,2024-01-23,2024-01-23,CUST-004,PRD-FASH-001,STR-12,Offline Store,Store Pickup,Mandiri Virtual Account,1,240000,0.0,On-Time
TRX-01065,2024-01-23,2024-01-23,CUST-017,PRD-FASH-002,STR-10,Offline Store,Store Pickup,BCA Virtual Account,2,270000,0.0,On-Time
TRX-01071,2024-01-23,2024-01-25,CUST-078,PRD-ELEC-005,STR-01,TikTok Shop,J&T Express,GoPay,1,320000,0.0,On-Time
TRX-01250,2024-01-23,2024-01-25,CUST-038,PRD-FNB-006,STR-15,Tokopedia,JNE,QRIS,1,80000,0.05,On-Time
TRX-00661,2024-01-24,2024-01-26,CUST-076,PRD-ELEC-006,STR-15,Tokopedia,SiCepat,ShopeePay,1,490000,0.0,On-Time
TRX-00744,2024-01-24,2024-01-25,CUST-017,PRD-FNB-003,STR-04,TikTok Shop,SiCepat,ShopeePay,1,115000,0.1,On-Time
TRX-00976,2024-01-24,2024-01-25,CUST-095,PRD-FASH-005,STR-15,TikTok Shop,SiCepat,ShopeePay,7,320000,0.0,On-Time
TRX-00695,2024-01-25,2024-01-26,CUST-019,PRD-FASH-006,STR-15,TikTok Shop,JNE,Mandiri Virtual Account,1,450000,0.15,On-Time
TRX-01044,2024-01-25,2024-01-27,CUST-024,PRD-ELEC-002,STR-15,Shopee,J&T Express,ShopeePay,1,550000,0.05,On-Time
TRX-01422,2024-01-25,2024-01-28,CUST-068,PRD-ELEC-002,STR-11,TikTok Shop,Instant Courier,GoPay,6,550000,0.0,On-Time
TRX-01450,2024-01-25,2024-01-25,CUST-026,PRD-ELEC-006,STR-04,Offline Store,Store Pickup,Mandiri Virtual Account,1,490000,0.05,On-Time
TRX-01254,2024-01-27,2024-01-30,CUST-078,PRD-HOME-004,STR-15,Shopee,SiCepat,GoPay,2,350000,0.0,On-Time
TRX-01515,2024-01-27,2024-01-27,CUST-088,PRD-FNB-004,STR-09,Offline Store,Store Pickup,GoPay,1,170000,0.0,On-Time
TRX-00767,2024-01-28,2024-01-29,CUST-089,PRD-FNB-006,STR-15,TikTok Shop,Instant Courier,Cash,2,80000,0.0,On-Time
TRX-01111,2024-01-28,2024-01-29,CUST-012,PRD-FNB-005,STR-15,Official Website,JNE,ShopeePay,3,140000,0.0,On-Time
TRX-01194,2024-01-28,2024-01-28,CUST-090,PRD-FASH-001,STR-03,Offline Store,Store Pickup,Mandiri Virtual Account,1,240000,0.05,On-Time
TRX-01547,2024-01-28,2024-01-29,CUST-043,PRD-FNB-004,STR-04,Shopee,Instant Courier,BCA Virtual Account,1,170000,0.15,On-Time
TRX-01598,2024-01-29,2024-01-30,CUST-083,PRD-BEAU-004,STR-01,TikTok Shop,JNE,Cash,6,160000,0.0,On-Time
TRX-00857,2024-01-30,2024-01-30,CUST-039,PRD-HOME-001,STR-05,Offline Store,Store Pickup,ShopeePay,1,220000,0.0,On-Time
TRX-01228,2024-01-30,2024-01-31,CUST-010,PRD-ELEC-002,STR-15,Tokopedia,SiCepat,GoPay,1,550000,0.0,On-Time
TRX-01238,2024-01-30,2024-01-31,CUST-014,PRD-HOME-006,STR-06,TikTok Shop,AnterAja,Credit Card,1,175000,0.05,On-Time
TRX-01243,2024-01-30,2024-02-01,CUST-075,PRD-ELEC-003,STR-15,Shopee,J&T Express,GoPay,1,280000,0.05,On-Time
TRX-00837,2024-01-31,2024-02-01,CUST-048,PRD-FASH-003,STR-01,Tokopedia,J&T Express,QRIS,2,120000,0.0,On-Time
TRX-01220,2024-01-31,2024-01-31,CUST-018,PRD-FASH-001,STR-11,Offline Store,Store Pickup,BCA Virtual Account,1,240000,0.05,On-Time
TRX-01462,2024-01-31,2024-02-05,CUST-097,PRD-HOME-002,STR-11,Tokopedia,Instant Courier,ShopeePay,1,195000,0.0,Late Delivery
TRX-01579,2024-01-31,2024-02-04,CUST-046,PRD-ELEC-004,STR-15,Shopee,J&T Express,Cash,1,1100000,0.0,Late Delivery
TRX-00815,2024-02-01,2024-02-04,CUST-068,PRD-ELEC-001,STR-15,TikTok Shop,SiCepat,BCA Virtual Account,5,750000,0.05,On-Time
TRX-00859,2024-02-01,2024-02-02,CUST-041,PRD-HOME-003,STR-01,Tokopedia,AnterAja,Credit Card,1,260000,0.0,On-Time
TRX-01043,2024-02-01,2024-02-02,CUST-066,PRD-HOME-002,STR-15,Tokopedia,JNE,GoPay,2,195000,0.0,On-Time
TRX-01439,2024-02-01,2024-02-02,CUST-077,PRD-FNB-002,STR-01,Tokopedia,AnterAja,Mandiri Virtual Account,1,90000,0.05,On-Time
TRX-00920,2024-02-02,2024-02-03,CUST-069,PRD-HOME-001,STR-15,TikTok Shop,AnterAja,BCA Virtual Account,1,220000,0.0,On-Time
TRX-01454,2024-02-02,2024-02-03,CUST-047,PRD-HOME-002,STR-15,Tokopedia,JNE,Credit Card,2,195000,0.15,On-Time
TRX-00874,2024-02-03,2024-02-03,CUST-076,PRD-ELEC-005,STR-14,Offline Store,Store Pickup,Mandiri Virtual Account,2,320000,0.0,On-Time
TRX-00903,2024-02-03,2024-02-04,CUST-022,PRD-HOME-005,STR-15,Official Website,JNE,QRIS,1,290000,0.1,On-Time
TRX-01147,2024-02-03,2024-02-07,CUST-050,PRD-FASH-004,STR-15,Tokopedia,SiCepat,Cash,6,160000,0.0,Late Delivery
TRX-01168,2024-02-03,2024-02-04,CUST-069,PRD-ELEC-004,STR-15,TikTok Shop,JNE,Cash,1,1100000,0.1,On-Time
TRX-01326,2024-02-03,2024-02-05,CUST-025,PRD-FNB-003,STR-15,Tokopedia,J&T Express,QRIS,2,115000,0.0,On-Time
TRX-01436,2024-02-03,2024-02-03,CUST-056,PRD-FNB-004,STR-02,Offline Store,Store Pickup,QRIS,7,170000,0.0,On-Time
TRX-01074,2024-02-04,2024-02-06,CUST-015,PRD-BEAU-001,STR-15,Tokopedia,J&T Express,GoPay,1,135000,0.05,On-Time
TRX-01215,2024-02-04,2024-02-05,CUST-057,PRD-HOME-002,STR-15,TikTok Shop,JNE,ShopeePay,2,195000,0.1,On-Time
TRX-01110,2024-02-05,2024-02-08,CUST-036,PRD-HOME-001,STR-15,Shopee,J&T Express,Mandiri Virtual Account,1,220000,0.1,On-Time
TRX-01171,2024-02-05,2024-02-05,CUST-022,PRD-ELEC-006,STR-11,Offline Store,Store Pickup,ShopeePay,1,490000,0.0,On-Time
TRX-01292,2024-02-07,2024-02-10,CUST-065,PRD-BEAU-006,STR-04,Tokopedia,JNE,BCA Virtual Account,2,95000,0.05,On-Time
TRX-00909,2024-02-08,2024-02-12,CUST-046,PRD-FNB-005,STR-01,Shopee,SiCepat,BCA Virtual Account,1,140000,0.1,Late Delivery
TRX-01073,2024-02-09,2024-02-11,CUST-001,PRD-FNB-004,STR-15,Tokopedia,JNE,ShopeePay,3,170000,0.1,On-Time
TRX-01087,2024-02-09,2024-02-10,CUST-089,PRD-HOME-003,STR-15,Shopee,J&T Express,ShopeePay,1,260000,0.05,On-Time
TRX-01302,2024-02-09,2024-02-14,CUST-049,PRD-ELEC-005,STR-15,Official Website,JNE,BCA Virtual Account,2,320000,0.0,Late Delivery
TRX-01082,2024-02-10,2024-02-11,CUST-032,PRD-ELEC-003,STR-04,Shopee,JNE,Credit Card,1,280000,0.1,On-Time
TRX-01571,2024-02-10,2024-02-10,CUST-087,PRD-FNB-001,STR-11,Offline Store,Store Pickup,BCA Virtual Account,3,125000,0.0,On-Time
TRX-00795,2024-02-11,2024-02-12,CUST-059,PRD-FNB-003,STR-15,TikTok Shop,SiCepat,BCA Virtual Account,2,115000,0.0,On-Time
TRX-00907,2024-02-13,2024-02-15,CUST-018,PRD-FNB-001,STR-15,Shopee,JNE,ShopeePay,1,125000,0.0,On-Time
TRX-01023,2024-02-13,2024-02-13,CUST-096,PRD-FASH-004,STR-07,Offline Store,Store Pickup,QRIS,1,160000,0.0,On-Time
TRX-01165,2024-02-13,2024-02-14,CUST-046,PRD-HOME-002,STR-15,Shopee,JNE,BCA Virtual Account,1,195000,0.0,On-Time
TRX-01553,2024-02-13,2024-02-17,CUST-048,PRD-ELEC-003,STR-11,TikTok Shop,J&T Express,QRIS,1,280000,0.05,Late Delivery
TRX-01099,2024-02-14,2024-02-15,CUST-064,PRD-ELEC-004,STR-15,Tokopedia,SiCepat,BCA Virtual Account,1,1100000,0.0,On-Time
TRX-00964,2024-02-15,2024-02-15,CUST-014,PRD-BEAU-003,STR-05,Offline Store,Store Pickup,QRIS,1,85000,0.1,On-Time
TRX-01278,2024-02-15,2024-02-17,CUST-067,PRD-FNB-004,STR-15,Shopee,SiCepat,BCA Virtual Account,2,170000,0.0,On-Time
TRX-00702,2024-02-17,2024-02-18,CUST-042,PRD-ELEC-002,STR-04,Shopee,SiCepat,BCA Virtual Account,2,550000,0.0,On-Time
TRX-00792,2024-02-17,2024-02-19,CUST-027,PRD-FNB-004,STR-06,Official Website,SiCepat,Mandiri Virtual Account,1,170000,0.1,On-Time
TRX-00882,2024-02-18,2024-02-18,CUST-081,PRD-HOME-003,STR-01,Offline Store,Store Pickup,ShopeePay,6,260000,0.0,On-Time
TRX-00943,2024-02-18,2024-02-19,CUST-077,PRD-FASH-005,STR-11,TikTok Shop,SiCepat,QRIS,4,320000,0.05,On-Time
TRX-01170,2024-02-18,2024-02-19,CUST-024,PRD-HOME-005,STR-06,Official Website,SiCepat,QRIS,3,290000,0.05,On-Time
TRX-00658,2024-02-19,2024-02-19,CUST-059,PRD-BEAU-002,STR-02,Offline Store,Store Pickup,BCA Virtual Account,1,110000,0.05,On-Time
TRX-00997,2024-02-19,2024-02-19,CUST-046,PRD-HOME-004,STR-11,Offline Store,Store Pickup,GoPay,1,350000,0.0,On-Time
TRX-01446,2024-02-19,2024-02-23,CUST-062,PRD-HOME-004,STR-15,Tokopedia,J&T Express,Mandiri Virtual Account,2,350000,0.1,Late Delivery
TRX-00826,2024-02-20,2024-02-22,CUST-020,PRD-BEAU-003,STR-15,Tokopedia,Instant Courier,BCA Virtual Account,1,85000,0.1,On-Time
TRX-00748,2024-02-21,2024-02-21,CUST-089,PRD-BEAU-004,STR-11,Offline Store,Store Pickup,GoPay,1,160000,0.0,On-Time
TRX-00886,2024-02-21,2024-02-22,CUST-044,PRD-BEAU-003,STR-15,Shopee,J&T Express,Credit Card,3,85000,0.1,On-Time
TRX-01093,2024-02-21,2024-02-22,CUST-065,PRD-FNB-002,STR-15,Official Website,AnterAja,Mandiri Virtual Account,2,90000,0.0,On-Time
TRX-01345,2024-02-21,2024-02-21,CUST-061,PRD-HOME-006,STR-11,Offline Store,Store Pickup,ShopeePay,2,175000,0.05,On-Time
TRX-01443,2024-02-21,2024-02-21,CUST-002,PRD-FASH-006,STR-02,Offline Store,Store Pickup,ShopeePay,3,450000,0.0,On-Time
TRX-01068,2024-02-22,2024-02-23,CUST-070,PRD-FASH-004,STR-15,Shopee,J&T Express,ShopeePay,1,160000,0.1,On-Time
TRX-01290,2024-02-22,2024-02-24,CUST-065,PRD-HOME-001,STR-15,Tokopedia,SiCepat,BCA Virtual Account,2,220000,0.0,On-Time
TRX-00825,2024-02-23,2024-02-25,CUST-022,PRD-BEAU-003,STR-04,Shopee,SiCepat,ShopeePay,1,85000,0.0,On-Time
TRX-00893,2024-02-23,2024-02-24,CUST-059,PRD-FNB-005,STR-15,Tokopedia,J&T Express,Credit Card,2,140000,0.0,On-Time
TRX-01121,2024-02-23,2024-02-25,CUST-012,PRD-BEAU-003,STR-04,Tokopedia,SiCepat,QRIS,1,85000,0.15,On-Time
TRX-01161,2024-02-23,2024-02-25,CUST-044,PRD-FASH-001,STR-15,Shopee,AnterAja,QRIS,2,240000,0.1,On-Time
TRX-01322,2024-02-23,2024-02-24,CUST-005,PRD-FASH-006,STR-04,Tokopedia,AnterAja,ShopeePay,1,450000,0.1,On-Time
TRX-01031,2024-02-24,2024-02-25,CUST-001,PRD-FASH-006,STR-15,Shopee,JNE,Credit Card,7,450000,0.0,On-Time
TRX-01089,2024-02-24,2024-02-24,CUST-009,PRD-FASH-001,STR-04,Offline Store,Store Pickup,Credit Card,6,240000,0.0,On-Time
TRX-01351,2024-02-24,2024-02-25,CUST-060,PRD-FNB-002,STR-06,Tokopedia,AnterAja,GoPay,1,90000,0.05,On-Time
TRX-00729,2024-02-26,2024-02-27,CUST-067,PRD-ELEC-005,STR-04,Tokopedia,J&T Express,ShopeePay,1,320000,0.0,On-Time
TRX-00873,2024-02-26,2024-02-28,CUST-036,PRD-BEAU-001,STR-04,Tokopedia,SiCepat,Mandiri Virtual Account,1,135000,0.0,On-Time
TRX-00967,2024-02-26,2024-02-27,CUST-058,PRD-BEAU-001,STR-15,Tokopedia,SiCepat,Cash,2,135000,0.0,On-Time
TRX-01134,2024-02-26,2024-02-27,CUST-059,PRD-FNB-006,STR-06,Tokopedia,J&T Express,GoPay,1,80000,0.0,On-Time
TRX-01164,2024-02-26,2024-02-27,CUST-031,PRD-ELEC-001,STR-01,Tokopedia,JNE,Credit Card,3,750000,0.0,On-Time
TRX-01181,2024-02-26,2024-02-28,CUST-002,PRD-HOME-004,STR-15,TikTok Shop,J&T Express,Mandiri Virtual Account,3,350000,0.0,On-Time
TRX-00765,2024-02-27,2024-02-27,CUST-041,PRD-HOME-006,STR-13,Offline Store,Store Pickup,Mandiri Virtual Account,1,175000,0.05,On-Time
TRX-00810,2024-02-27,2024-02-28,CUST-003,PRD-BEAU-005,STR-01,Tokopedia,SiCepat,QRIS,4,125000,0.1,On-Time
TRX-01435,2024-02-27,2024-03-02,CUST-059,PRD-ELEC-001,STR-06,Shopee,JNE,Cash,1,750000,0.1,Late Delivery
TRX-01196,2024-02-28,2024-02-29,CUST-009,PRD-ELEC-001,STR-15,Tokopedia,J&T Express,Cash,3,750000,0.05,On-Time
TRX-01209,2024-02-28,2024-02-29,CUST-005,PRD-FNB-004,STR-01,Shopee,J&T Express,BCA Virtual Account,2,170000,0.0,On-Time
TRX-01234,2024-02-28,2024-02-29,CUST-003,PRD-HOME-004,STR-15,TikTok Shop,Instant Courier,Cash,2,350000,0.0,On-Time
TRX-00719,2024-02-29,2024-03-05,CUST-017,PRD-FNB-006,STR-15,TikTok Shop,JNE,Credit Card,1,80000,0.0,Late Delivery
TRX-00808,2024-02-29,2024-03-02,CUST-002,PRD-ELEC-006,STR-01,Shopee,SiCepat,GoPay,2,490000,0.0,On-Time
TRX-01518,2024-02-29,2024-02-29,CUST-038,PRD-ELEC-001,STR-06,Offline Store,Store Pickup,Mandiri Virtual Account,3,750000,0.05,On-Time
TRX-00778,2024-03-01,2024-03-01,CUST-002,PRD-BEAU-005,STR-14,Offline Store,Store Pickup,QRIS,1,125000,0.1,On-Time
TRX-00846,2024-03-01,2024-03-03,CUST-048,PRD-FASH-004,STR-04,Shopee,J&T Express,BCA Virtual Account,4,160000,0.0,On-Time
TRX-00900,2024-03-01,2024-03-03,CUST-019,PRD-FNB-005,STR-15,Tokopedia,JNE,QRIS,3,140000,0.1,On-Time
TRX-00910,2024-03-01,2024-03-04,CUST-010,PRD-FASH-006,STR-15,Tokopedia,JNE,QRIS,1,450000,0.0,On-Time
TRX-01226,2024-03-01,2024-03-03,CUST-079,PRD-FNB-005,STR-15,Shopee,J&T Express,Mandiri Virtual Account,1,140000,0.0,On-Time
TRX-00822,2024-03-02,2024-03-04,CUST-072,PRD-FASH-002,STR-04,Official Website,SiCepat,Mandiri Virtual Account,1,270000,0.2,On-Time
TRX-00858,2024-03-02,2024-03-06,CUST-007,PRD-FASH-001,STR-15,Tokopedia,JNE,GoPay,1,240000,0.05,Late Delivery
TRX-01323,2024-03-02,2024-03-03,CUST-008,PRD-HOME-003,STR-15,Tokopedia,Instant Courier,Credit Card,2,260000,0.0,On-Time
TRX-01525,2024-03-02,2024-03-07,CUST-051,PRD-FNB-003,STR-15,TikTok Shop,J&T Express,ShopeePay,3,115000,0.15,Late Delivery
TRX-01533,2024-03-02,2024-03-06,CUST-029,PRD-FNB-001,STR-01,Tokopedia,AnterAja,QRIS,2,125000,0.05,Late Delivery
TRX-00763,2024-03-03,2024-03-07,CUST-099,PRD-FNB-002,STR-06,Official Website,SiCepat,Mandiri Virtual Account,1,90000,0.1,Late Delivery
TRX-00865,2024-03-03,2024-03-04,CUST-018,PRD-BEAU-006,STR-01,Shopee,Instant Courier,QRIS,1,95000,0.0,On-Time
TRX-00930,2024-03-03,2024-03-04,CUST-048,PRD-ELEC-003,STR-15,Official Website,J&T Express,BCA Virtual Account,2,280000,0.0,On-Time
TRX-01016,2024-03-04,2024-03-05,CUST-023,PRD-HOME-005,STR-06,TikTok Shop,J&T Express,Credit Card,7,290000,0.1,On-Time
TRX-01025,2024-03-04,2024-03-06,CUST-052,PRD-ELEC-001,STR-04,Official Website,SiCepat,Mandiri Virtual Account,2,750000,0.15,On-Time
TRX-01118,2024-03-04,2024-03-06,CUST-090,PRD-HOME-004,STR-15,Shopee,JNE,Cash,2,350000,0.0,On-Time
TRX-01373,2024-03-04,2024-03-06,CUST-013,PRD-HOME-001,STR-15,TikTok Shop,J&T Express,QRIS,1,220000,0.2,On-Time
TRX-01129,2024-03-05,2024-03-05,CUST-065,PRD-ELEC-004,STR-11,Offline Store,Store Pickup,GoPay,2,1100000,0.1,On-Time
TRX-01538,2024-03-05,2024-03-06,CUST-081,PRD-FASH-006,STR-15,Shopee,SiCepat,ShopeePay,3,450000,0.15,On-Time
TRX-01352,2024-03-06,2024-03-08,CUST-074,PRD-HOME-005,STR-11,Shopee,JNE,GoPay,1,290000,0.0,On-Time
TRX-01430,2024-03-06,2024-03-07,CUST-070,PRD-FASH-006,STR-15,Shopee,J&T Express,ShopeePay,4,450000,0.0,On-Time
TRX-01561,2024-03-06,2024-03-07,CUST-098,PRD-ELEC-004,STR-15,Tokopedia,J&T Express,BCA Virtual Account,1,1100000,0.0,On-Time
TRX-01102,2024-03-07,2024-03-08,CUST-057,PRD-FASH-006,STR-15,Shopee,JNE,QRIS,1,450000,0.05,On-Time
TRX-01206,2024-03-07,2024-03-08,CUST-090,PRD-FASH-005,STR-06,TikTok Shop,J&T Express,QRIS,1,320000,0.05,On-Time
TRX-01229,2024-03-07,2024-03-08,CUST-078,PRD-HOME-001,STR-15,Tokopedia,JNE,QRIS,1,220000,0.0,On-Time
TRX-00994,2024-03-08,2024-03-10,CUST-042,PRD-FNB-001,STR-11,Tokopedia,JNE,Credit Card,2,125000,0.1,On-Time
TRX-01151,2024-03-08,2024-03-09,CUST-052,PRD-ELEC-002,STR-01,Tokopedia,J&T Express,Cash,3,550000,0.15,On-Time
TRX-01449,2024-03-08,2024-03-10,CUST-042,PRD-HOME-002,STR-06,Official Website,SiCepat,QRIS,1,195000,0.0,On-Time
TRX-01306,2024-03-10,2024-03-15,CUST-022,PRD-HOME-005,STR-15,Shopee,JNE,BCA Virtual Account,2,290000,0.0,Late Delivery
TRX-01461,2024-03-10,2024-03-12,CUST-093,PRD-FASH-004,STR-15,TikTok Shop,AnterAja,BCA Virtual Account,1,160000,0.0,On-Time
TRX-00995,2024-03-11,2024-03-13,CUST-057,PRD-BEAU-005,STR-06,Tokopedia,J&T Express,GoPay,1,125000,0.1,On-Time
TRX-01064,2024-03-11,2024-03-13,CUST-094,PRD-FNB-001,STR-15,Shopee,AnterAja,QRIS,2,125000,0.05,On-Time
TRX-00654,2024-03-12,2024-03-14,CUST-005,PRD-FASH-001,STR-15,Tokopedia,SiCepat,ShopeePay,1,240000,0.2,On-Time
TRX-01079,2024-03-12,2024-03-12,CUST-038,PRD-HOME-003,STR-07,Offline Store,Store Pickup,Mandiri Virtual Account,1,260000,0.1,On-Time
TRX-01202,2024-03-12,2024-03-12,CUST-060,PRD-FNB-005,STR-06,Offline Store,Store Pickup,Credit Card,2,140000,0.0,On-Time
TRX-01390,2024-03-12,2024-03-16,CUST-019,PRD-HOME-005,STR-15,Shopee,J&T Express,Mandiri Virtual Account,1,290000,0.0,Late Delivery
TRX-01177,2024-03-13,2024-03-14,CUST-046,PRD-HOME-004,STR-15,TikTok Shop,J&T Express,ShopeePay,1,350000,0.05,On-Time
TRX-01343,2024-03-13,2024-03-14,CUST-045,PRD-HOME-003,STR-15,TikTok Shop,J&T Express,Mandiri Virtual Account,1,260000,0.0,On-Time
TRX-00733,2024-03-14,2024-03-15,CUST-051,PRD-HOME-001,STR-11,Tokopedia,Instant Courier,Mandiri Virtual Account,7,220000,0.05,On-Time
TRX-00764,2024-03-14,2024-03-16,CUST-014,PRD-ELEC-006,STR-06,Shopee,J&T Express,QRIS,1,490000,0.0,On-Time
TRX-01313,2024-03-14,2024-03-14,CUST-022,PRD-HOME-004,STR-01,Offline Store,Store Pickup,Mandiri Virtual Account,3,350000,0.0,On-Time
TRX-01531,2024-03-14,2024-03-15,CUST-071,PRD-FASH-005,STR-15,Shopee,SiCepat,GoPay,1,320000,0.05,On-Time
TRX-01588,2024-03-15,2024-03-17,CUST-035,PRD-FASH-005,STR-15,TikTok Shop,AnterAja,Credit Card,5,320000,0.2,On-Time
TRX-01069,2024-03-16,2024-03-19,CUST-046,PRD-BEAU-003,STR-01,TikTok Shop,SiCepat,ShopeePay,1,85000,0.15,On-Time
TRX-01591,2024-03-16,2024-03-17,CUST-058,PRD-BEAU-003,STR-15,Shopee,AnterAja,Mandiri Virtual Account,1,85000,0.0,On-Time
TRX-01252,2024-03-17,2024-03-19,CUST-049,PRD-FNB-001,STR-11,Tokopedia,J&T Express,Credit Card,4,125000,0.0,On-Time
TRX-00828,2024-03-18,2024-03-21,CUST-097,PRD-FNB-001,STR-15,Tokopedia,AnterAja,Cash,1,125000,0.1,On-Time
TRX-01094,2024-03-18,2024-03-18,CUST-088,PRD-HOME-003,STR-04,Offline Store,Store Pickup,Mandiri Virtual Account,1,260000,0.05,On-Time
TRX-01265,2024-03-18,2024-03-20,CUST-001,PRD-BEAU-001,STR-15,TikTok Shop,JNE,Credit Card,6,135000,0.0,On-Time
TRX-00935,2024-03-19,2024-03-19,CUST-057,PRD-FASH-006,STR-09,Offline Store,Store Pickup,Mandiri Virtual Account,1,450000,0.05,On-Time
TRX-01032,2024-03-19,2024-03-20,CUST-053,PRD-ELEC-004,STR-15,Official Website,JNE,GoPay,3,1100000,0.0,On-Time
TRX-01098,2024-03-19,2024-03-22,CUST-073,PRD-BEAU-003,STR-04,Tokopedia,JNE,Cash,4,85000,0.0,On-Time
TRX-01162,2024-03-19,2024-03-21,CUST-065,PRD-ELEC-004,STR-11,Shopee,AnterAja,Cash,3,1100000,0.0,On-Time
TRX-01061,2024-03-20,2024-03-21,CUST-058,PRD-FASH-002,STR-15,Tokopedia,JNE,Cash,2,270000,0.0,On-Time
TRX-01334,2024-03-20,2024-03-21,CUST-069,PRD-BEAU-001,STR-06,Shopee,SiCepat,QRIS,1,135000,0.05,On-Time
TRX-01505,2024-03-20,2024-03-21,CUST-077,PRD-FASH-006,STR-06,Official Website,J&T Express,Cash,1,450000,0.1,On-Time
TRX-01104,2024-03-22,2024-03-22,CUST-073,PRD-HOME-001,STR-11,Offline Store,Store Pickup,BCA Virtual Account,3,220000,0.0,On-Time
TRX-01207,2024-03-22,2024-03-24,CUST-030,PRD-ELEC-004,STR-15,TikTok Shop,J&T Express,QRIS,2,1100000,0.0,On-Time
TRX-01424,2024-03-22,2024-03-23,CUST-066,PRD-FNB-004,STR-01,Shopee,J&T Express,QRIS,3,170000,0.05,On-Time
TRX-01463,2024-03-22,2024-03-26,CUST-083,PRD-HOME-002,STR-15,Tokopedia,J&T Express,Mandiri Virtual Account,5,195000,0.05,Late Delivery
TRX-01035,2024-03-23,2024-03-23,CUST-086,PRD-FASH-001,STR-02,Offline Store,Store Pickup,ShopeePay,3,240000,0.15,On-Time
TRX-00958,2024-03-24,2024-03-24,CUST-025,PRD-FNB-001,STR-12,Offline Store,Store Pickup,GoPay,1,125000,0.0,On-Time
TRX-01067,2024-03-24,2024-03-25,CUST-040,PRD-FASH-005,STR-15,Shopee,JNE,BCA Virtual Account,1,320000,0.0,On-Time
TRX-01341,2024-03-24,2024-03-24,CUST-066,PRD-ELEC-006,STR-09,Offline Store,Store Pickup,Mandiri Virtual Account,3,490000,0.1,On-Time
TRX-00690,2024-03-25,2024-03-25,CUST-036,PRD-ELEC-004,STR-09,Offline Store,Store Pickup,QRIS,2,1100000,0.0,On-Time
TRX-00851,2024-03-25,2024-03-27,CUST-091,PRD-ELEC-001,STR-15,Official Website,J&T Express,Mandiri Virtual Account,1,750000,0.1,On-Time
TRX-00749,2024-03-26,2024-03-29,CUST-079,PRD-FASH-004,STR-06,Shopee,SiCepat,Credit Card,1,160000,0.0,On-Time
TRX-01556,2024-03-26,2024-03-28,CUST-007,PRD-BEAU-003,STR-15,Shopee,J&T Express,Cash,1,85000,0.0,On-Time
TRX-01070,2024-03-27,2024-03-31,CUST-015,PRD-FASH-002,STR-01,Shopee,J&T Express,BCA Virtual Account,1,270000,0.15,Late Delivery
TRX-01127,2024-03-28,2024-03-31,CUST-074,PRD-HOME-002,STR-01,Tokopedia,AnterAja,Credit Card,1,195000,0.2,On-Time
TRX-01155,2024-03-28,2024-03-28,CUST-012,PRD-FASH-001,STR-09,Offline Store,Store Pickup,BCA Virtual Account,2,240000,0.1,On-Time
TRX-00775,2024-03-29,2024-04-01,CUST-088,PRD-BEAU-001,STR-15,Tokopedia,J&T Express,Cash,2,135000,0.1,On-Time
TRX-00999,2024-03-29,2024-04-01,CUST-084,PRD-BEAU-006,STR-01,Official Website,SiCepat,QRIS,1,95000,0.05,On-Time
TRX-01027,2024-03-30,2024-03-30,CUST-010,PRD-FASH-006,STR-07,Offline Store,Store Pickup,ShopeePay,2,450000,0.0,On-Time
TRX-01179,2024-03-30,2024-03-31,CUST-034,PRD-FNB-006,STR-15,Shopee,Instant Courier,BCA Virtual Account,2,80000,0.1,On-Time
TRX-01062,2024-03-31,2024-04-01,CUST-025,PRD-BEAU-001,STR-15,TikTok Shop,J&T Express,ShopeePay,1,135000,0.05,On-Time
TRX-01377,2024-03-31,2024-04-01,CUST-052,PRD-FASH-004,STR-01,Official Website,SiCepat,Credit Card,1,160000,0.1,On-Time
TRX-01567,2024-03-31,2024-03-31,CUST-026,PRD-FASH-003,STR-12,Offline Store,Store Pickup,BCA Virtual Account,1,120000,0.0,On-Time
TRX-00786,2024-04-01,2024-04-01,CUST-034,PRD-ELEC-006,STR-03,Offline Store,Store Pickup,BCA Virtual Account,1,490000,0.15,On-Time
TRX-01100,2024-04-01,2024-04-01,CUST-091,PRD-FNB-001,STR-13,Offline Store,Store Pickup,ShopeePay,1,125000,0.2,On-Time
TRX-01242,2024-04-01,2024-04-03,CUST-057,PRD-HOME-003,STR-15,Tokopedia,SiCepat,ShopeePay,1,260000,0.0,On-Time
TRX-01355,2024-04-01,2024-04-03,CUST-055,PRD-HOME-006,STR-15,Tokopedia,AnterAja,GoPay,2,175000,0.1,On-Time
TRX-01358,2024-04-01,2024-04-03,CUST-038,PRD-FASH-006,STR-15,Tokopedia,J&T Express,Credit Card,1,450000,0.0,On-Time
TRX-00665,2024-04-02,2024-04-02,CUST-092,PRD-HOME-004,STR-05,Offline Store,Store Pickup,GoPay,2,350000,0.0,On-Time
TRX-01499,2024-04-02,2024-04-04,CUST-004,PRD-BEAU-003,STR-15,Shopee,JNE,QRIS,3,85000,0.05,On-Time
TRX-01329,2024-04-03,2024-04-03,CUST-094,PRD-ELEC-003,STR-13,Offline Store,Store Pickup,Mandiri Virtual Account,1,280000,0.05,On-Time
TRX-01399,2024-04-03,2024-04-05,CUST-089,PRD-FNB-006,STR-15,TikTok Shop,J&T Express,Credit Card,2,80000,0.0,On-Time
TRX-01456,2024-04-03,2024-04-03,CUST-051,PRD-FNB-003,STR-04,Offline Store,Store Pickup,Cash,6,115000,0.0,On-Time
TRX-00724,2024-04-04,2024-04-05,CUST-086,PRD-FASH-006,STR-15,Official Website,SiCepat,Cash,1,450000,0.0,On-Time
TRX-01045,2024-04-04,2024-04-07,CUST-033,PRD-HOME-004,STR-15,Tokopedia,SiCepat,GoPay,1,350000,0.0,On-Time
TRX-00807,2024-04-05,2024-04-06,CUST-028,PRD-ELEC-006,STR-01,Tokopedia,JNE,ShopeePay,1,490000,0.2,On-Time
TRX-01338,2024-04-05,2024-04-07,CUST-046,PRD-FASH-004,STR-15,Official Website,SiCepat,QRIS,1,160000,0.0,On-Time
TRX-00692,2024-04-06,2024-04-06,CUST-009,PRD-ELEC-001,STR-09,Offline Store,Store Pickup,QRIS,8,750000,0.1,On-Time
TRX-00653,2024-04-07,2024-04-08,CUST-039,PRD-BEAU-005,STR-15,TikTok Shop,AnterAja,Mandiri Virtual Account,1,125000,0.0,On-Time
TRX-01048,2024-04-07,2024-04-07,CUST-025,PRD-BEAU-005,STR-10,Offline Store,Store Pickup,GoPay,1,125000,0.0,On-Time
TRX-01318,2024-04-07,2024-04-08,CUST-049,PRD-FASH-006,STR-15,Tokopedia,JNE,GoPay,1,450000,0.05,On-Time
TRX-01331,2024-04-07,2024-04-09,CUST-096,PRD-FNB-001,STR-15,Shopee,J&T Express,ShopeePay,2,125000,0.0,On-Time
TRX-00726,2024-04-08,2024-04-08,CUST-037,PRD-ELEC-006,STR-02,Offline Store,Store Pickup,Mandiri Virtual Account,3,490000,0.0,On-Time
TRX-01138,2024-04-08,2024-04-11,CUST-078,PRD-ELEC-001,STR-15,Official Website,JNE,BCA Virtual Account,1,750000,0.0,On-Time
TRX-00673,2024-04-09,2024-04-10,CUST-081,PRD-FASH-006,STR-01,Tokopedia,J&T Express,Cash,4,450000,0.0,On-Time
TRX-01088,2024-04-09,2024-04-10,CUST-035,PRD-ELEC-004,STR-06,TikTok Shop,J&T Express,Credit Card,2,1100000,0.0,On-Time
TRX-01092,2024-04-09,2024-04-12,CUST-041,PRD-FNB-001,STR-01,Tokopedia,JNE,Credit Card,1,125000,0.0,On-Time
TRX-01530,2024-04-09,2024-04-10,CUST-043,PRD-BEAU-004,STR-06,Shopee,SiCepat,Mandiri Virtual Account,2,160000,0.0,On-Time
TRX-01554,2024-04-10,2024-04-11,CUST-082,PRD-FASH-005,STR-15,Official Website,Instant Courier,Credit Card,1,320000,0.1,On-Time
TRX-00834,2024-04-11,2024-04-16,CUST-039,PRD-ELEC-003,STR-04,Official Website,J&T Express,GoPay,1,280000,0.0,Late Delivery
TRX-01356,2024-04-11,2024-04-14,CUST-066,PRD-FNB-003,STR-15,Shopee,J&T Express,ShopeePay,2,115000,0.1,On-Time
TRX-01042,2024-04-12,2024-04-13,CUST-012,PRD-FNB-004,STR-01,Shopee,J&T Express,ShopeePay,1,170000,0.0,On-Time
TRX-01143,2024-04-12,2024-04-14,CUST-073,PRD-FASH-006,STR-15,Tokopedia,J&T Express,Credit Card,1,450000,0.05,On-Time
TRX-01564,2024-04-12,2024-04-12,CUST-096,PRD-FNB-006,STR-01,Offline Store,Store Pickup,ShopeePay,1,80000,0.0,On-Time
TRX-01090,2024-04-13,2024-04-13,CUST-082,PRD-FNB-006,STR-10,Offline Store,Store Pickup,BCA Virtual Account,1,80000,0.0,On-Time
TRX-01211,2024-04-13,2024-04-13,CUST-095,PRD-ELEC-006,STR-04,Offline Store,Store Pickup,BCA Virtual Account,5,490000,0.1,On-Time
TRX-00951,2024-04-14,2024-04-15,CUST-031,PRD-HOME-005,STR-04,Shopee,J&T Express,Mandiri Virtual Account,1,290000,0.05,On-Time
TRX-01012,2024-04-14,2024-04-16,CUST-010,PRD-BEAU-003,STR-15,TikTok Shop,JNE,Cash,2,85000,0.2,On-Time
TRX-01248,2024-04-14,2024-04-15,CUST-042,PRD-BEAU-001,STR-01,Shopee,AnterAja,GoPay,1,135000,0.1,On-Time
TRX-00922,2024-04-15,2024-04-18,CUST-030,PRD-FASH-004,STR-15,Tokopedia,J&T Express,ShopeePay,2,160000,0.0,On-Time
TRX-00924,2024-04-15,2024-04-16,CUST-040,PRD-HOME-002,STR-15,Tokopedia,JNE,QRIS,2,195000,0.05,On-Time
TRX-01160,2024-04-15,2024-04-16,CUST-089,PRD-ELEC-003,STR-01,Tokopedia,JNE,ShopeePay,1,280000,0.0,On-Time
TRX-01270,2024-04-15,2024-04-17,CUST-071,PRD-FNB-003,STR-15,TikTok Shop,AnterAja,Mandiri Virtual Account,1,115000,0.0,On-Time
TRX-00707,2024-04-16,2024-04-17,CUST-039,PRD-HOME-004,STR-11,Shopee,SiCepat,BCA Virtual Account,4,350000,0.0,On-Time
TRX-01135,2024-04-16,2024-04-17,CUST-051,PRD-ELEC-004,STR-15,Shopee,SiCepat,ShopeePay,5,1100000,0.1,On-Time
TRX-00752,2024-04-17,2024-04-18,CUST-045,PRD-FNB-002,STR-15,Shopee,SiCepat,ShopeePay,1,90000,0.1,On-Time
TRX-00965,2024-04-17,2024-04-19,CUST-096,PRD-HOME-001,STR-15,Tokopedia,J&T Express,ShopeePay,2,220000,0.0,On-Time
TRX-00991,2024-04-17,2024-04-18,CUST-094,PRD-FNB-006,STR-06,Tokopedia,J&T Express,ShopeePay,2,80000,0.05,On-Time
TRX-01080,2024-04-17,2024-04-19,CUST-029,PRD-ELEC-002,STR-15,TikTok Shop,SiCepat,ShopeePay,2,550000,0.0,On-Time
TRX-00750,2024-04-19,2024-04-20,CUST-037,PRD-FASH-003,STR-15,Shopee,SiCepat,Cash,1,120000,0.2,On-Time
TRX-00835,2024-04-19,2024-04-21,CUST-012,PRD-HOME-005,STR-15,Official Website,J&T Express,Credit Card,1,290000,0.0,On-Time
TRX-00894,2024-04-19,2024-04-20,CUST-031,PRD-HOME-004,STR-04,Shopee,J&T Express,BCA Virtual Account,2,350000,0.15,On-Time
TRX-01452,2024-04-19,2024-04-20,CUST-059,PRD-BEAU-002,STR-01,Official Website,JNE,Mandiri Virtual Account,1,110000,0.0,On-Time
TRX-01289,2024-04-20,2024-04-20,CUST-071,PRD-BEAU-006,STR-13,Offline Store,Store Pickup,Credit Card,1,95000,0.0,On-Time
TRX-01580,2024-04-20,2024-04-21,CUST-054,PRD-HOME-004,STR-01,Tokopedia,SiCepat,BCA Virtual Account,1,350000,0.0,On-Time
TRX-00988,2024-04-22,2024-04-24,CUST-064,PRD-BEAU-004,STR-01,Tokopedia,AnterAja,Credit Card,1,160000,0.05,On-Time
TRX-01274,2024-04-23,2024-04-25,CUST-094,PRD-ELEC-003,STR-01,Tokopedia,JNE,QRIS,1,280000,0.0,On-Time
TRX-00878,2024-04-24,2024-04-27,CUST-007,PRD-FASH-003,STR-15,Shopee,JNE,Cash,3,120000,0.0,On-Time
TRX-01269,2024-04-24,2024-04-25,CUST-022,PRD-FASH-004,STR-15,TikTok Shop,J&T Express,BCA Virtual Account,3,160000,0.0,On-Time
TRX-01001,2024-04-25,2024-04-26,CUST-003,PRD-BEAU-001,STR-04,Tokopedia,SiCepat,ShopeePay,1,135000,0.05,On-Time
TRX-01332,2024-04-25,2024-04-26,CUST-025,PRD-FASH-003,STR-01,Tokopedia,J&T Express,Credit Card,3,120000,0.0,On-Time
TRX-01395,2024-04-25,2024-04-26,CUST-040,PRD-FASH-001,STR-04,Official Website,SiCepat,ShopeePay,1,240000,0.0,On-Time
TRX-01448,2024-04-25,2024-04-27,CUST-033,PRD-ELEC-006,STR-15,Official Website,SiCepat,GoPay,2,490000,0.0,On-Time
TRX-00914,2024-04-26,2024-04-28,CUST-030,PRD-BEAU-006,STR-04,Shopee,SiCepat,ShopeePay,2,95000,0.0,On-Time
TRX-01174,2024-04-26,2024-04-27,CUST-068,PRD-HOME-005,STR-15,Official Website,AnterAja,ShopeePay,3,290000,0.1,On-Time
TRX-01397,2024-04-26,2024-04-27,CUST-095,PRD-FASH-001,STR-15,Shopee,JNE,Credit Card,4,240000,0.05,On-Time
TRX-01574,2024-04-26,2024-04-29,CUST-076,PRD-ELEC-006,STR-15,Shopee,AnterAja,ShopeePay,1,490000,0.0,On-Time
TRX-01216,2024-04-28,2024-04-28,CUST-007,PRD-BEAU-002,STR-05,Offline Store,Store Pickup,Cash,1,110000,0.0,On-Time
TRX-01280,2024-04-28,2024-04-29,CUST-038,PRD-BEAU-004,STR-15,Shopee,JNE,BCA Virtual Account,1,160000,0.1,On-Time
TRX-00945,2024-04-29,2024-04-30,CUST-065,PRD-BEAU-001,STR-04,Tokopedia,J&T Express,ShopeePay,2,135000,0.0,On-Time
TRX-00984,2024-04-29,2024-05-01,CUST-029,PRD-FASH-003,STR-04,Tokopedia,AnterAja,BCA Virtual Account,1,120000,0.0,On-Time
TRX-01245,2024-04-29,2024-04-29,CUST-015,PRD-BEAU-003,STR-10,Offline Store,Store Pickup,GoPay,1,85000,0.05,On-Time
TRX-01340,2024-04-29,2024-04-30,CUST-098,PRD-FNB-006,STR-04,Shopee,Instant Courier,BCA Virtual Account,3,80000,0.0,On-Time
TRX-01599,2024-04-29,2024-05-01,CUST-020,PRD-FNB-004,STR-01,Shopee,JNE,GoPay,1,170000,0.0,On-Time
TRX-01221,2024-04-30,2024-05-01,CUST-064,PRD-ELEC-003,STR-06,TikTok Shop,AnterAja,BCA Virtual Account,2,280000,0.05,On-Time
TRX-01344,2024-04-30,2024-05-01,CUST-027,PRD-HOME-002,STR-06,TikTok Shop,JNE,GoPay,1,195000,0.0,On-Time
TRX-01208,2024-05-01,2024-05-02,CUST-014,PRD-FNB-005,STR-11,Shopee,AnterAja,GoPay,3,140000,0.05,On-Time
TRX-01381,2024-05-02,2024-05-03,CUST-023,PRD-HOME-004,STR-15,Shopee,AnterAja,ShopeePay,7,350000,0.15,On-Time
TRX-00756,2024-05-03,2024-05-04,CUST-020,PRD-BEAU-006,STR-15,Shopee,AnterAja,Mandiri Virtual Account,2,95000,0.0,On-Time
TRX-00662,2024-05-04,2024-05-07,CUST-075,PRD-ELEC-002,STR-15,TikTok Shop,J&T Express,BCA Virtual Account,1,550000,0.1,On-Time
TRX-00933,2024-05-04,2024-05-04,CUST-092,PRD-HOME-003,STR-03,Offline Store,Store Pickup,Cash,1,260000,0.1,On-Time
TRX-00946,2024-05-04,2024-05-05,CUST-080,PRD-ELEC-003,STR-15,Tokopedia,J&T Express,QRIS,1,280000,0.0,On-Time
TRX-01255,2024-05-04,2024-05-04,CUST-099,PRD-FASH-006,STR-12,Offline Store,Store Pickup,Mandiri Virtual Account,1,450000,0.0,On-Time
TRX-01401,2024-05-04,2024-05-06,CUST-075,PRD-FNB-001,STR-04,Shopee,JNE,Mandiri Virtual Account,1,125000,0.0,On-Time
TRX-01415,2024-05-04,2024-05-06,CUST-021,PRD-FASH-005,STR-11,TikTok Shop,AnterAja,ShopeePay,2,320000,0.15,On-Time
TRX-00827,2024-05-05,2024-05-07,CUST-061,PRD-FASH-005,STR-04,Tokopedia,JNE,Mandiri Virtual Account,1,320000,0.0,On-Time
TRX-00901,2024-05-05,2024-05-06,CUST-006,PRD-FNB-001,STR-04,Shopee,JNE,Cash,2,125000,0.0,On-Time
TRX-01389,2024-05-05,2024-05-06,CUST-097,PRD-FASH-003,STR-15,Shopee,J&T Express,BCA Virtual Account,1,120000,0.05,On-Time
TRX-00949,2024-05-07,2024-05-08,CUST-088,PRD-BEAU-005,STR-15,Shopee,JNE,Cash,2,125000,0.05,On-Time
TRX-01298,2024-05-07,2024-05-08,CUST-011,PRD-ELEC-005,STR-06,Shopee,SiCepat,ShopeePay,1,320000,0.1,On-Time
TRX-01478,2024-05-07,2024-05-08,CUST-036,PRD-HOME-003,STR-01,TikTok Shop,SiCepat,Credit Card,2,260000,0.0,On-Time
TRX-01217,2024-05-08,2024-05-08,CUST-050,PRD-BEAU-005,STR-05,Offline Store,Store Pickup,BCA Virtual Account,4,125000,0.0,On-Time
TRX-01404,2024-05-08,2024-05-12,CUST-097,PRD-HOME-002,STR-15,Tokopedia,JNE,GoPay,2,195000,0.0,Late Delivery
TRX-01570,2024-05-08,2024-05-10,CUST-037,PRD-FNB-001,STR-11,Shopee,J&T Express,ShopeePay,1,125000,0.0,On-Time
TRX-00723,2024-05-09,2024-05-11,CUST-006,PRD-ELEC-003,STR-15,Tokopedia,SiCepat,Mandiri Virtual Account,1,280000,0.0,On-Time
TRX-01299,2024-05-09,2024-05-12,CUST-053,PRD-FASH-004,STR-01,Tokopedia,SiCepat,GoPay,2,160000,0.1,On-Time
TRX-01495,2024-05-09,2024-05-10,CUST-094,PRD-ELEC-001,STR-11,Official Website,Instant Courier,ShopeePay,2,750000,0.0,On-Time
TRX-00856,2024-05-10,2024-05-11,CUST-099,PRD-ELEC-003,STR-15,TikTok Shop,Instant Courier,QRIS,1,280000,0.15,On-Time
TRX-00961,2024-05-10,2024-05-12,CUST-032,PRD-BEAU-002,STR-15,Tokopedia,J&T Express,ShopeePay,1,110000,0.05,On-Time
TRX-01453,2024-05-10,2024-05-12,CUST-044,PRD-FNB-002,STR-15,Shopee,AnterAja,GoPay,3,90000,0.1,On-Time
TRX-00981,2024-05-11,2024-05-12,CUST-086,PRD-HOME-004,STR-11,TikTok Shop,SiCepat,Cash,4,350000,0.05,On-Time
TRX-00836,2024-05-12,2024-05-12,CUST-031,PRD-FNB-003,STR-02,Offline Store,Store Pickup,QRIS,2,115000,0.05,On-Time
TRX-01085,2024-05-12,2024-05-12,CUST-074,PRD-HOME-005,STR-05,Offline Store,Store Pickup,BCA Virtual Account,1,290000,0.0,On-Time
TRX-01244,2024-05-12,2024-05-12,CUST-064,PRD-ELEC-005,STR-11,Offline Store,Store Pickup,BCA Virtual Account,1,320000,0.0,On-Time
TRX-01198,2024-05-13,2024-05-14,CUST-079,PRD-BEAU-004,STR-15,Tokopedia,J&T Express,QRIS,1,160000,0.05,On-Time
TRX-01284,2024-05-13,2024-05-14,CUST-087,PRD-FASH-005,STR-15,Shopee,J&T Express,Mandiri Virtual Account,1,320000,0.1,On-Time
TRX-00777,2024-05-14,2024-05-15,CUST-090,PRD-FNB-004,STR-15,Shopee,J&T Express,Credit Card,1,170000,0.0,On-Time
TRX-01237,2024-05-14,2024-05-16,CUST-097,PRD-BEAU-001,STR-01,Official Website,AnterAja,QRIS,1,135000,0.0,On-Time
TRX-01388,2024-05-15,2024-05-15,CUST-013,PRD-FASH-005,STR-08,Offline Store,Store Pickup,Cash,2,320000,0.0,On-Time
TRX-01405,2024-05-15,2024-05-17,CUST-069,PRD-FASH-002,STR-01,Shopee,J&T Express,Mandiri Virtual Account,1,270000,0.05,On-Time
TRX-00747,2024-05-16,2024-05-17,CUST-003,PRD-BEAU-005,STR-15,Shopee,JNE,ShopeePay,1,125000,0.0,On-Time
TRX-01586,2024-05-16,2024-05-19,CUST-009,PRD-HOME-003,STR-15,Official Website,J&T Express,BCA Virtual Account,5,260000,0.1,On-Time
TRX-01055,2024-05-17,2024-05-20,CUST-071,PRD-ELEC-004,STR-15,Tokopedia,J&T Express,Mandiri Virtual Account,1,1100000,0.0,On-Time
TRX-01125,2024-05-17,2024-05-17,CUST-085,PRD-FASH-003,STR-11,Offline Store,Store Pickup,Mandiri Virtual Account,1,120000,0.15,On-Time
TRX-00716,2024-05-18,2024-05-20,CUST-088,PRD-BEAU-005,STR-06,TikTok Shop,J&T Express,GoPay,2,125000,0.0,On-Time
TRX-01056,2024-05-18,2024-05-20,CUST-007,PRD-BEAU-003,STR-15,Tokopedia,SiCepat,GoPay,4,85000,0.2,On-Time
TRX-01431,2024-05-18,2024-05-19,CUST-030,PRD-FNB-006,STR-06,Tokopedia,AnterAja,ShopeePay,3,80000,0.1,On-Time
TRX-00714,2024-05-19,2024-05-20,CUST-047,PRD-HOME-002,STR-15,Tokopedia,SiCepat,Mandiri Virtual Account,2,195000,0.15,On-Time
TRX-00759,2024-05-19,2024-05-23,CUST-018,PRD-ELEC-001,STR-15,TikTok Shop,AnterAja,ShopeePay,1,750000,0.1,Late Delivery
TRX-01291,2024-05-19,2024-05-22,CUST-096,PRD-ELEC-004,STR-06,Shopee,AnterAja,BCA Virtual Account,2,1100000,0.0,On-Time
TRX-01366,2024-05-19,2024-05-21,CUST-001,PRD-HOME-002,STR-15,Shopee,J&T Express,QRIS,3,195000,0.0,On-Time
TRX-01467,2024-05-19,2024-05-21,CUST-006,PRD-HOME-001,STR-15,TikTok Shop,J&T Express,Cash,2,220000,0.0,On-Time
TRX-00911,2024-05-20,2024-05-20,CUST-025,PRD-BEAU-005,STR-12,Offline Store,Store Pickup,QRIS,2,125000,0.0,On-Time
TRX-01133,2024-05-20,2024-05-20,CUST-011,PRD-FNB-006,STR-14,Offline Store,Store Pickup,BCA Virtual Account,1,80000,0.0,On-Time
TRX-01295,2024-05-22,2024-05-23,CUST-062,PRD-FASH-004,STR-15,Tokopedia,JNE,GoPay,3,160000,0.0,On-Time
TRX-01316,2024-05-22,2024-05-24,CUST-092,PRD-ELEC-005,STR-04,Shopee,SiCepat,ShopeePay,2,320000,0.05,On-Time
TRX-01400,2024-05-22,2024-05-23,CUST-012,PRD-BEAU-006,STR-11,Tokopedia,JNE,Mandiri Virtual Account,1,95000,0.1,On-Time
TRX-00902,2024-05-23,2024-05-25,CUST-017,PRD-FNB-004,STR-04,Shopee,SiCepat,Credit Card,1,170000,0.05,On-Time
TRX-01266,2024-05-23,2024-05-25,CUST-099,PRD-ELEC-004,STR-15,Tokopedia,JNE,ShopeePay,1,1100000,0.0,On-Time
TRX-01470,2024-05-23,2024-05-28,CUST-093,PRD-BEAU-006,STR-15,Shopee,AnterAja,BCA Virtual Account,1,95000,0.0,Late Delivery
TRX-01017,2024-05-24,2024-05-25,CUST-071,PRD-FASH-003,STR-11,Tokopedia,JNE,QRIS,2,120000,0.1,On-Time
TRX-00730,2024-05-25,2024-05-25,CUST-059,PRD-BEAU-002,STR-04,Offline Store,Store Pickup,Credit Card,2,110000,0.05,On-Time
TRX-01350,2024-05-25,2024-05-26,CUST-040,PRD-HOME-001,STR-11,Tokopedia,J&T Express,Credit Card,2,220000,0.0,On-Time
TRX-01267,2024-05-26,2024-05-31,CUST-042,PRD-HOME-001,STR-06,Tokopedia,SiCepat,Mandiri Virtual Account,1,220000,0.0,Late Delivery
TRX-01536,2024-05-26,2024-05-26,CUST-082,PRD-BEAU-006,STR-03,Offline Store,Store Pickup,GoPay,1,95000,0.15,On-Time
TRX-00706,2024-05-27,2024-05-29,CUST-021,PRD-FNB-002,STR-15,Official Website,AnterAja,Mandiri Virtual Account,2,90000,0.1,On-Time
TRX-00780,2024-05-27,2024-05-29,CUST-096,PRD-HOME-004,STR-15,Tokopedia,AnterAja,Mandiri Virtual Account,1,350000,0.0,On-Time
TRX-01281,2024-05-27,2024-05-28,CUST-054,PRD-HOME-003,STR-15,Tokopedia,JNE,QRIS,1,260000,0.05,On-Time
TRX-01513,2024-05-27,2024-05-29,CUST-099,PRD-BEAU-004,STR-11,Tokopedia,JNE,Credit Card,2,160000,0.0,On-Time
TRX-00863,2024-05-28,2024-05-29,CUST-084,PRD-ELEC-006,STR-15,Shopee,AnterAja,GoPay,1,490000,0.15,On-Time
TRX-01185,2024-05-28,2024-05-28,CUST-029,PRD-ELEC-002,STR-11,Offline Store,Store Pickup,ShopeePay,1,550000,0.0,On-Time
TRX-01305,2024-05-28,2024-05-29,CUST-067,PRD-BEAU-004,STR-15,Official Website,J&T Express,GoPay,1,160000,0.05,On-Time
TRX-00739,2024-05-30,2024-06-03,CUST-085,PRD-HOME-004,STR-06,Shopee,JNE,BCA Virtual Account,1,350000,0.0,Late Delivery
TRX-01485,2024-05-30,2024-05-31,CUST-079,PRD-BEAU-001,STR-06,Tokopedia,J&T Express,GoPay,4,135000,0.0,On-Time
TRX-00680,2024-05-31,2024-06-02,CUST-031,PRD-BEAU-003,STR-15,TikTok Shop,JNE,Credit Card,4,85000,0.0,On-Time
TRX-01487,2024-05-31,2024-06-01,CUST-032,PRD-ELEC-001,STR-15,Shopee,Instant Courier,Mandiri Virtual Account,3,750000,0.0,On-Time
TRX-00799,2024-06-01,2024-06-03,CUST-063,PRD-FNB-002,STR-01,Shopee,J&T Express,Cash,1,90000,0.1,On-Time
TRX-00806,2024-06-01,2024-06-04,CUST-041,PRD-BEAU-001,STR-06,Shopee,JNE,Cash,2,135000,0.1,On-Time
TRX-01153,2024-06-01,2024-06-01,CUST-090,PRD-HOME-003,STR-14,Offline Store,Store Pickup,GoPay,1,260000,0.05,On-Time
TRX-00803,2024-06-02,2024-06-04,CUST-020,PRD-ELEC-005,STR-15,Tokopedia,SiCepat,BCA Virtual Account,2,320000,0.0,On-Time
TRX-00992,2024-06-02,2024-06-07,CUST-085,PRD-FNB-006,STR-15,Shopee,SiCepat,Cash,2,80000,0.2,Late Delivery
TRX-01029,2024-06-02,2024-06-06,CUST-062,PRD-FASH-004,STR-15,TikTok Shop,AnterAja,QRIS,1,160000,0.0,Late Delivery
TRX-00769,2024-06-03,2024-06-05,CUST-012,PRD-FNB-006,STR-06,Tokopedia,AnterAja,Cash,2,80000,0.0,On-Time
TRX-00942,2024-06-03,2024-06-05,CUST-099,PRD-BEAU-002,STR-04,Official Website,AnterAja,GoPay,1,110000,0.2,On-Time
TRX-01049,2024-06-03,2024-06-05,CUST-093,PRD-HOME-004,STR-15,Official Website,J&T Express,GoPay,4,350000,0.0,On-Time
TRX-01558,2024-06-03,2024-06-04,CUST-049,PRD-FASH-001,STR-01,Tokopedia,SiCepat,Cash,3,240000,0.0,On-Time
TRX-00741,2024-06-04,2024-06-06,CUST-091,PRD-ELEC-006,STR-15,Official Website,J&T Express,QRIS,1,490000,0.0,On-Time
TRX-00952,2024-06-04,2024-06-09,CUST-037,PRD-BEAU-001,STR-04,Tokopedia,J&T Express,ShopeePay,1,135000,0.05,Late Delivery
TRX-01182,2024-06-04,2024-06-05,CUST-063,PRD-FASH-004,STR-15,Shopee,AnterAja,ShopeePay,1,160000,0.0,On-Time
TRX-00746,2024-06-05,2024-06-07,CUST-015,PRD-FASH-005,STR-01,Tokopedia,JNE,ShopeePay,1,320000,0.0,On-Time
TRX-00847,2024-06-05,2024-06-06,CUST-037,PRD-FASH-001,STR-15,Tokopedia,J&T Express,ShopeePay,1,240000,0.05,On-Time
TRX-00906,2024-06-05,2024-06-05,CUST-055,PRD-FNB-005,STR-05,Offline Store,Store Pickup,Credit Card,1,140000,0.0,On-Time
TRX-01022,2024-06-05,2024-06-06,CUST-053,PRD-FNB-001,STR-04,Tokopedia,AnterAja,BCA Virtual Account,1,125000,0.0,On-Time
TRX-01183,2024-06-05,2024-06-06,CUST-001,PRD-HOME-002,STR-15,Tokopedia,JNE,Cash,4,195000,0.05,On-Time
TRX-01441,2024-06-05,2024-06-06,CUST-052,PRD-BEAU-003,STR-15,TikTok Shop,J&T Express,ShopeePay,1,85000,0.1,On-Time
TRX-01496,2024-06-07,2024-06-08,CUST-069,PRD-BEAU-005,STR-06,TikTok Shop,AnterAja,Credit Card,2,125000,0.0,On-Time
TRX-01307,2024-06-08,2024-06-10,CUST-090,PRD-FASH-001,STR-15,Shopee,SiCepat,BCA Virtual Account,1,240000,0.0,On-Time
TRX-01507,2024-06-08,2024-06-10,CUST-038,PRD-ELEC-004,STR-11,Shopee,JNE,Credit Card,1,1100000,0.0,On-Time
TRX-00832,2024-06-09,2024-06-11,CUST-045,PRD-ELEC-001,STR-15,TikTok Shop,JNE,Credit Card,2,750000,0.15,On-Time
TRX-00883,2024-06-09,2024-06-09,CUST-089,PRD-ELEC-003,STR-01,Offline Store,Store Pickup,GoPay,2,280000,0.0,On-Time
TRX-01146,2024-06-09,2024-06-12,CUST-016,PRD-ELEC-001,STR-15,Shopee,SiCepat,Credit Card,1,750000,0.0,On-Time
TRX-01420,2024-06-09,2024-06-10,CUST-047,PRD-FNB-005,STR-15,Tokopedia,J&T Express,Mandiri Virtual Account,2,140000,0.05,On-Time
TRX-01583,2024-06-09,2024-06-11,CUST-082,PRD-FNB-006,STR-15,Tokopedia,SiCepat,Mandiri Virtual Account,3,80000,0.0,On-Time
TRX-01585,2024-06-09,2024-06-11,CUST-066,PRD-FNB-005,STR-15,TikTok Shop,JNE,QRIS,1,140000,0.1,On-Time
TRX-00830,2024-06-10,2024-06-13,CUST-052,PRD-FNB-001,STR-01,Official Website,SiCepat,BCA Virtual Account,1,125000,0.0,On-Time
TRX-01371,2024-06-10,2024-06-11,CUST-058,PRD-BEAU-004,STR-01,TikTok Shop,SiCepat,Cash,1,160000,0.0,On-Time
TRX-00787,2024-06-11,2024-06-16,CUST-091,PRD-HOME-005,STR-11,Shopee,JNE,GoPay,1,290000,0.0,Late Delivery
TRX-01114,2024-06-11,2024-06-13,CUST-002,PRD-ELEC-005,STR-15,Shopee,SiCepat,GoPay,3,320000,0.15,On-Time
TRX-01276,2024-06-11,2024-06-12,CUST-025,PRD-FNB-003,STR-11,TikTok Shop,SiCepat,Credit Card,1,115000,0.1,On-Time
TRX-01367,2024-06-11,2024-06-13,CUST-013,PRD-FASH-002,STR-01,Tokopedia,SiCepat,ShopeePay,1,270000,0.05,On-Time
TRX-01376,2024-06-11,2024-06-15,CUST-065,PRD-HOME-006,STR-04,Shopee,J&T Express,Mandiri Virtual Account,1,175000,0.0,Late Delivery
TRX-01528,2024-06-11,2024-06-11,CUST-006,PRD-BEAU-001,STR-05,Offline Store,Store Pickup,Mandiri Virtual Account,1,135000,0.0,On-Time
TRX-01545,2024-06-11,2024-06-11,CUST-060,PRD-FASH-002,STR-06,Offline Store,Store Pickup,Credit Card,3,270000,0.0,On-Time
TRX-00989,2024-06-12,2024-06-12,CUST-040,PRD-HOME-005,STR-12,Offline Store,Store Pickup,Credit Card,4,290000,0.0,On-Time
TRX-01075,2024-06-12,2024-06-16,CUST-064,PRD-HOME-002,STR-01,TikTok Shop,J&T Express,Mandiri Virtual Account,1,195000,0.2,Late Delivery
TRX-01231,2024-06-12,2024-06-12,CUST-090,PRD-HOME-006,STR-12,Offline Store,Store Pickup,Credit Card,1,175000,0.0,On-Time
TRX-01408,2024-06-12,2024-06-12,CUST-099,PRD-HOME-005,STR-04,Offline Store,Store Pickup,Credit Card,1,290000,0.05,On-Time
TRX-01517,2024-06-12,2024-06-13,CUST-010,PRD-BEAU-005,STR-15,TikTok Shop,AnterAja,QRIS,1,125000,0.0,On-Time
TRX-01572,2024-06-12,2024-06-13,CUST-076,PRD-FNB-001,STR-01,TikTok Shop,J&T Express,Cash,3,125000,0.0,On-Time
TRX-01573,2024-06-12,2024-06-17,CUST-058,PRD-FASH-006,STR-04,Shopee,JNE,Mandiri Virtual Account,2,450000,0.0,Late Delivery
TRX-01584,2024-06-13,2024-06-15,CUST-081,PRD-BEAU-001,STR-06,TikTok Shop,J&T Express,BCA Virtual Account,3,135000,0.05,On-Time
TRX-00877,2024-06-14,2024-06-16,CUST-056,PRD-FNB-004,STR-15,TikTok Shop,JNE,QRIS,5,170000,0.0,On-Time
TRX-01337,2024-06-14,2024-06-16,CUST-090,PRD-ELEC-004,STR-15,Tokopedia,JNE,BCA Virtual Account,2,1100000,0.1,On-Time
TRX-01438,2024-06-14,2024-06-15,CUST-006,PRD-ELEC-005,STR-15,Tokopedia,J&T Express,BCA Virtual Account,2,320000,0.0,On-Time
TRX-00660,2024-06-15,2024-06-15,CUST-016,PRD-BEAU-004,STR-13,Offline Store,Store Pickup,Mandiri Virtual Account,1,160000,0.0,On-Time
TRX-00671,2024-06-15,2024-06-18,CUST-030,PRD-FNB-001,STR-15,Tokopedia,J&T Express,BCA Virtual Account,1,125000,0.0,On-Time
TRX-01057,2024-06-15,2024-06-20,CUST-011,PRD-BEAU-005,STR-06,Tokopedia,J&T Express,QRIS,3,125000,0.0,Late Delivery
TRX-00738,2024-06-16,2024-06-18,CUST-020,PRD-FASH-004,STR-04,Tokopedia,SiCepat,Mandiri Virtual Account,2,160000,0.0,On-Time
TRX-01139,2024-06-16,2024-06-17,CUST-018,PRD-FASH-002,STR-15,Tokopedia,J&T Express,QRIS,1,270000,0.05,On-Time
TRX-00867,2024-06-17,2024-06-19,CUST-003,PRD-FNB-006,STR-15,Tokopedia,AnterAja,ShopeePay,2,80000,0.05,On-Time
TRX-01319,2024-06-17,2024-06-17,CUST-013,PRD-FNB-006,STR-10,Offline Store,Store Pickup,GoPay,1,80000,0.0,On-Time
TRX-01383,2024-06-18,2024-06-21,CUST-021,PRD-FASH-002,STR-15,Tokopedia,SiCepat,ShopeePay,1,270000,0.15,On-Time
TRX-01015,2024-06-19,2024-06-20,CUST-100,PRD-FASH-003,STR-15,Tokopedia,Instant Courier,BCA Virtual Account,1,120000,0.1,On-Time
TRX-01193,2024-06-19,2024-06-21,CUST-077,PRD-ELEC-004,STR-06,TikTok Shop,J&T Express,Credit Card,2,1100000,0.05,On-Time
TRX-00693,2024-06-20,2024-06-23,CUST-053,PRD-BEAU-001,STR-15,Shopee,SiCepat,ShopeePay,1,135000,0.05,On-Time
TRX-01119,2024-06-20,2024-06-21,CUST-015,PRD-FNB-006,STR-15,Tokopedia,JNE,Cash,1,80000,0.0,On-Time
TRX-01508,2024-06-21,2024-06-22,CUST-059,PRD-FNB-006,STR-11,Official Website,SiCepat,Mandiri Virtual Account,2,80000,0.1,On-Time
TRX-00734,2024-06-22,2024-06-24,CUST-026,PRD-BEAU-002,STR-15,Tokopedia,JNE,Cash,2,110000,0.0,On-Time
TRX-00897,2024-06-22,2024-06-22,CUST-071,PRD-FASH-002,STR-02,Offline Store,Store Pickup,BCA Virtual Account,1,270000,0.0,On-Time
TRX-01204,2024-06-22,2024-06-23,CUST-059,PRD-BEAU-005,STR-01,Official Website,AnterAja,Cash,3,125000,0.0,On-Time
TRX-01285,2024-06-22,2024-06-24,CUST-082,PRD-FNB-003,STR-06,Tokopedia,JNE,BCA Virtual Account,1,115000,0.0,On-Time
TRX-00915,2024-06-23,2024-06-23,CUST-011,PRD-FASH-005,STR-07,Offline Store,Store Pickup,Mandiri Virtual Account,2,320000,0.0,On-Time
TRX-00720,2024-06-24,2024-06-24,CUST-023,PRD-BEAU-005,STR-04,Offline Store,Store Pickup,Mandiri Virtual Account,4,125000,0.0,On-Time
TRX-00866,2024-06-24,2024-06-25,CUST-082,PRD-FASH-003,STR-01,Tokopedia,JNE,Credit Card,4,120000,0.05,On-Time
TRX-00969,2024-06-24,2024-06-28,CUST-004,PRD-BEAU-001,STR-15,Official Website,J&T Express,QRIS,1,135000,0.0,Late Delivery
TRX-00983,2024-06-24,2024-06-27,CUST-049,PRD-FNB-006,STR-01,Shopee,SiCepat,Cash,2,80000,0.05,On-Time
TRX-00745,2024-06-25,2024-06-28,CUST-046,PRD-HOME-002,STR-01,Tokopedia,SiCepat,BCA Virtual Account,1,195000,0.05,On-Time
TRX-01105,2024-06-27,2024-06-30,CUST-060,PRD-HOME-003,STR-15,Shopee,SiCepat,ShopeePay,2,260000,0.15,On-Time
TRX-01117,2024-06-27,2024-06-30,CUST-027,PRD-FASH-001,STR-06,Tokopedia,J&T Express,Credit Card,4,240000,0.05,On-Time
TRX-01492,2024-06-27,2024-06-27,CUST-092,PRD-BEAU-005,STR-08,Offline Store,Store Pickup,GoPay,2,125000,0.05,On-Time
TRX-01175,2024-06-28,2024-06-29,CUST-070,PRD-FASH-003,STR-06,Shopee,JNE,Credit Card,2,120000,0.0,On-Time
TRX-01308,2024-06-28,2024-07-01,CUST-082,PRD-HOME-006,STR-15,Tokopedia,J&T Express,ShopeePay,3,175000,0.0,On-Time
TRX-01529,2024-06-28,2024-06-29,CUST-060,PRD-FASH-001,STR-11,Shopee,JNE,QRIS,3,240000,0.0,On-Time
TRX-01480,2024-06-29,2024-07-01,CUST-079,PRD-HOME-006,STR-06,Tokopedia,J&T Express,QRIS,2,175000,0.1,On-Time
TRX-01262,2024-06-30,2024-07-01,CUST-017,PRD-HOME-001,STR-15,Tokopedia,AnterAja,Credit Card,2,220000,0.0,On-Time
TRX-00821,2024-07-01,2024-07-02,CUST-087,PRD-ELEC-006,STR-06,Shopee,JNE,Mandiri Virtual Account,1,490000,0.1,On-Time
TRX-01230,2024-07-01,2024-07-03,CUST-029,PRD-HOME-003,STR-15,Official Website,SiCepat,GoPay,2,260000,0.15,On-Time
TRX-01596,2024-07-01,2024-07-03,CUST-044,PRD-ELEC-003,STR-15,Shopee,JNE,ShopeePay,1,280000,0.1,On-Time
TRX-00871,2024-07-02,2024-07-02,CUST-025,PRD-ELEC-003,STR-04,Offline Store,Store Pickup,Mandiri Virtual Account,2,280000,0.05,On-Time
TRX-00788,2024-07-03,2024-07-06,CUST-056,PRD-FASH-004,STR-15,Official Website,JNE,GoPay,4,160000,0.05,On-Time
TRX-01046,2024-07-03,2024-07-04,CUST-095,PRD-FNB-002,STR-01,TikTok Shop,J&T Express,Credit Card,4,90000,0.05,On-Time
TRX-00667,2024-07-04,2024-07-05,CUST-098,PRD-HOME-006,STR-15,TikTok Shop,J&T Express,Mandiri Virtual Account,1,175000,0.0,On-Time
TRX-00712,2024-07-04,2024-07-05,CUST-075,PRD-HOME-004,STR-15,TikTok Shop,SiCepat,Credit Card,1,350000,0.1,On-Time
TRX-00766,2024-07-04,2024-07-06,CUST-061,PRD-BEAU-005,STR-11,TikTok Shop,J&T Express,Cash,1,125000,0.0,On-Time
TRX-00895,2024-07-04,2024-07-07,CUST-002,PRD-ELEC-003,STR-15,Tokopedia,SiCepat,GoPay,1,280000,0.05,On-Time
TRX-01078,2024-07-04,2024-07-07,CUST-072,PRD-HOME-004,STR-15,Tokopedia,AnterAja,Cash,4,350000,0.15,On-Time
TRX-01375,2024-07-04,2024-07-04,CUST-081,PRD-ELEC-004,STR-13,Offline Store,Store Pickup,QRIS,7,1100000,0.1,On-Time
TRX-01458,2024-07-04,2024-07-06,CUST-070,PRD-FASH-002,STR-15,Tokopedia,SiCepat,Cash,2,270000,0.2,On-Time
TRX-01469,2024-07-04,2024-07-05,CUST-031,PRD-FNB-004,STR-15,Official Website,J&T Express,Cash,2,170000,0.0,On-Time
TRX-01548,2024-07-04,2024-07-05,CUST-080,PRD-FNB-006,STR-15,Shopee,J&T Express,Cash,1,80000,0.15,On-Time
TRX-01552,2024-07-04,2024-07-05,CUST-057,PRD-BEAU-001,STR-15,Tokopedia,SiCepat,GoPay,1,135000,0.0,On-Time
TRX-00684,2024-07-05,2024-07-07,CUST-007,PRD-ELEC-004,STR-15,Tokopedia,SiCepat,Credit Card,1,1100000,0.0,On-Time
TRX-01333,2024-07-05,2024-07-08,CUST-045,PRD-FNB-001,STR-06,TikTok Shop,J&T Express,ShopeePay,2,125000,0.0,On-Time
TRX-01325,2024-07-06,2024-07-06,CUST-067,PRD-ELEC-001,STR-11,Offline Store,Store Pickup,BCA Virtual Account,3,750000,0.0,On-Time
TRX-01357,2024-07-06,2024-07-07,CUST-007,PRD-FNB-005,STR-01,Shopee,SiCepat,GoPay,1,140000,0.0,On-Time
TRX-01509,2024-07-06,2024-07-11,CUST-019,PRD-FASH-002,STR-15,Official Website,J&T Express,ShopeePay,4,270000,0.0,Late Delivery
TRX-00800,2024-07-07,2024-07-09,CUST-066,PRD-FASH-001,STR-15,Shopee,JNE,Cash,1,240000,0.1,On-Time
TRX-00801,2024-07-07,2024-07-08,CUST-079,PRD-ELEC-006,STR-15,Tokopedia,JNE,QRIS,1,490000,0.0,On-Time
TRX-01593,2024-07-07,2024-07-08,CUST-019,PRD-FASH-005,STR-15,Tokopedia,JNE,Credit Card,2,320000,0.0,On-Time
TRX-00697,2024-07-08,2024-07-10,CUST-024,PRD-FASH-001,STR-15,Shopee,JNE,Mandiri Virtual Account,1,240000,0.0,On-Time
TRX-01411,2024-07-08,2024-07-09,CUST-019,PRD-FASH-004,STR-15,Official Website,JNE,ShopeePay,1,160000,0.0,On-Time
TRX-01417,2024-07-08,2024-07-08,CUST-057,PRD-FNB-006,STR-02,Offline Store,Store Pickup,GoPay,1,80000,0.0,On-Time
TRX-01527,2024-07-08,2024-07-09,CUST-057,PRD-BEAU-006,STR-11,Tokopedia,SiCepat,Mandiri Virtual Account,1,95000,0.05,On-Time
TRX-01532,2024-07-08,2024-07-09,CUST-005,PRD-ELEC-005,STR-15,Tokopedia,J&T Express,Credit Card,3,320000,0.05,On-Time
TRX-01582,2024-07-08,2024-07-09,CUST-073,PRD-HOME-004,STR-15,Shopee,JNE,Cash,1,350000,0.0,On-Time
TRX-00687,2024-07-09,2024-07-11,CUST-045,PRD-HOME-003,STR-04,Tokopedia,SiCepat,GoPay,1,260000,0.0,On-Time
TRX-01081,2024-07-09,2024-07-10,CUST-007,PRD-BEAU-005,STR-15,Shopee,J&T Express,Mandiri Virtual Account,1,125000,0.05,On-Time
TRX-01354,2024-07-09,2024-07-09,CUST-100,PRD-HOME-004,STR-02,Offline Store,Store Pickup,Cash,2,350000,0.1,On-Time
TRX-00904,2024-07-10,2024-07-14,CUST-068,PRD-BEAU-005,STR-15,Shopee,JNE,Credit Card,5,125000,0.05,Late Delivery
TRX-01504,2024-07-10,2024-07-11,CUST-009,PRD-ELEC-006,STR-15,Shopee,Instant Courier,QRIS,3,490000,0.05,On-Time
TRX-01136,2024-07-11,2024-07-13,CUST-041,PRD-BEAU-003,STR-15,Tokopedia,J&T Express,Credit Card,3,85000,0.1,On-Time
TRX-01277,2024-07-11,2024-07-12,CUST-029,PRD-BEAU-004,STR-15,Shopee,JNE,QRIS,1,160000,0.0,On-Time
TRX-00953,2024-07-12,2024-07-14,CUST-022,PRD-HOME-004,STR-04,Official Website,AnterAja,BCA Virtual Account,1,350000,0.0,On-Time
TRX-01394,2024-07-12,2024-07-16,CUST-063,PRD-BEAU-003,STR-06,Tokopedia,J&T Express,GoPay,1,85000,0.0,Late Delivery
TRX-01028,2024-07-13,2024-07-16,CUST-022,PRD-FASH-006,STR-06,TikTok Shop,AnterAja,GoPay,4,450000,0.0,On-Time
TRX-01157,2024-07-13,2024-07-14,CUST-035,PRD-BEAU-005,STR-15,TikTok Shop,JNE,Credit Card,3,125000,0.15,On-Time
TRX-01287,2024-07-13,2024-07-15,CUST-012,PRD-FNB-001,STR-15,Official Website,SiCepat,GoPay,2,125000,0.15,On-Time
TRX-00709,2024-07-14,2024-07-16,CUST-038,PRD-HOME-006,STR-15,Shopee,JNE,Mandiri Virtual Account,1,175000,0.1,On-Time
TRX-00785,2024-07-14,2024-07-14,CUST-039,PRD-HOME-001,STR-01,Offline Store,Store Pickup,Credit Card,2,220000,0.0,On-Time
TRX-00954,2024-07-14,2024-07-15,CUST-055,PRD-FNB-004,STR-15,Shopee,SiCepat,ShopeePay,1,170000,0.15,On-Time
TRX-01000,2024-07-14,2024-07-16,CUST-036,PRD-BEAU-003,STR-15,Tokopedia,JNE,Credit Card,2,85000,0.0,On-Time
TRX-00928,2024-07-15,2024-07-16,CUST-085,PRD-ELEC-006,STR-15,TikTok Shop,AnterAja,QRIS,2,490000,0.0,On-Time
TRX-00957,2024-07-15,2024-07-16,CUST-063,PRD-FASH-004,STR-15,Shopee,AnterAja,Credit Card,2,160000,0.05,On-Time
TRX-01047,2024-07-15,2024-07-18,CUST-012,PRD-FNB-005,STR-15,TikTok Shop,Instant Courier,Cash,1,140000,0.05,On-Time
TRX-01076,2024-07-15,2024-07-17,CUST-054,PRD-HOME-006,STR-06,Shopee,JNE,ShopeePay,1,175000,0.0,On-Time
TRX-01392,2024-07-15,2024-07-16,CUST-033,PRD-BEAU-003,STR-15,TikTok Shop,J&T Express,Credit Card,1,85000,0.1,On-Time
TRX-01384,2024-07-16,2024-07-18,CUST-010,PRD-FNB-002,STR-15,Official Website,SiCepat,Credit Card,1,90000,0.0,On-Time
TRX-01534,2024-07-16,2024-07-17,CUST-037,PRD-BEAU-004,STR-01,Official Website,SiCepat,QRIS,2,160000,0.0,On-Time
TRX-00986,2024-07-17,2024-07-17,CUST-055,PRD-FASH-005,STR-03,Offline Store,Store Pickup,Credit Card,2,320000,0.1,On-Time
TRX-01500,2024-07-17,2024-07-19,CUST-053,PRD-HOME-001,STR-15,Shopee,JNE,GoPay,2,220000,0.0,On-Time
TRX-00941,2024-07-18,2024-07-21,CUST-028,PRD-HOME-003,STR-01,Tokopedia,J&T Express,ShopeePay,1,260000,0.05,On-Time
TRX-01037,2024-07-18,2024-07-20,CUST-017,PRD-ELEC-004,STR-15,Tokopedia,J&T Express,BCA Virtual Account,4,1100000,0.1,On-Time
TRX-01519,2024-07-18,2024-07-19,CUST-030,PRD-FASH-006,STR-15,Tokopedia,SiCepat,ShopeePay,3,450000,0.0,On-Time
TRX-00743,2024-07-19,2024-07-20,CUST-034,PRD-HOME-004,STR-04,TikTok Shop,J&T Express,Credit Card,1,350000,0.0,On-Time
TRX-00923,2024-07-19,2024-07-20,CUST-021,PRD-ELEC-004,STR-15,Official Website,AnterAja,Cash,1,1100000,0.0,On-Time
TRX-00993,2024-07-19,2024-07-21,CUST-051,PRD-ELEC-003,STR-11,Tokopedia,SiCepat,BCA Virtual Account,6,280000,0.05,On-Time
TRX-01359,2024-07-21,2024-07-22,CUST-032,PRD-ELEC-006,STR-01,Official Website,JNE,ShopeePay,1,490000,0.0,On-Time
TRX-00962,2024-07-22,2024-07-22,CUST-091,PRD-BEAU-001,STR-07,Offline Store,Store Pickup,Mandiri Virtual Account,4,135000,0.0,On-Time
TRX-01052,2024-07-22,2024-07-24,CUST-064,PRD-BEAU-004,STR-15,Tokopedia,JNE,ShopeePay,1,160000,0.0,On-Time
TRX-01282,2024-07-22,2024-07-22,CUST-091,PRD-ELEC-005,STR-08,Offline Store,Store Pickup,Credit Card,2,320000,0.0,On-Time
TRX-01451,2024-07-22,2024-07-24,CUST-042,PRD-ELEC-001,STR-01,Shopee,AnterAja,ShopeePay,1,750000,0.0,On-Time
TRX-00798,2024-07-23,2024-07-25,CUST-012,PRD-ELEC-001,STR-15,Official Website,SiCepat,BCA Virtual Account,3,750000,0.0,On-Time
TRX-01011,2024-07-23,2024-07-23,CUST-059,PRD-ELEC-003,STR-03,Offline Store,Store Pickup,Credit Card,3,280000,0.05,On-Time
TRX-01163,2024-07-23,2024-07-24,CUST-025,PRD-ELEC-003,STR-06,Shopee,SiCepat,BCA Virtual Account,1,280000,0.0,On-Time
TRX-01386,2024-07-23,2024-07-24,CUST-092,PRD-FNB-006,STR-15,Shopee,J&T Express,Cash,1,80000,0.05,On-Time
TRX-00753,2024-07-24,2024-07-26,CUST-033,PRD-BEAU-002,STR-06,Shopee,SiCepat,Mandiri Virtual Account,1,110000,0.05,On-Time
TRX-01053,2024-07-24,2024-07-28,CUST-078,PRD-FASH-003,STR-15,TikTok Shop,J&T Express,Credit Card,1,120000,0.0,Late Delivery
TRX-01374,2024-07-24,2024-07-24,CUST-071,PRD-HOME-002,STR-05,Offline Store,Store Pickup,GoPay,1,195000,0.0,On-Time
TRX-01460,2024-07-24,2024-07-24,CUST-038,PRD-HOME-001,STR-08,Offline Store,Store Pickup,GoPay,3,220000,0.2,On-Time
TRX-01464,2024-07-24,2024-07-26,CUST-016,PRD-BEAU-006,STR-15,Tokopedia,SiCepat,BCA Virtual Account,2,95000,0.15,On-Time
TRX-01481,2024-07-26,2024-07-27,CUST-041,PRD-BEAU-002,STR-15,Shopee,SiCepat,Cash,1,110000,0.0,On-Time
TRX-01484,2024-07-26,2024-07-30,CUST-034,PRD-ELEC-005,STR-11,Shopee,J&T Express,Cash,2,320000,0.0,Late Delivery
TRX-00731,2024-07-27,2024-07-27,CUST-038,PRD-FNB-004,STR-13,Offline Store,Store Pickup,ShopeePay,1,170000,0.1,On-Time
TRX-00708,2024-07-28,2024-07-29,CUST-082,PRD-FNB-006,STR-15,Shopee,AnterAja,Cash,1,80000,0.0,On-Time
TRX-00850,2024-07-28,2024-07-29,CUST-050,PRD-FASH-002,STR-01,Tokopedia,JNE,BCA Virtual Account,5,270000,0.0,On-Time
TRX-00968,2024-07-28,2024-07-29,CUST-057,PRD-BEAU-003,STR-15,TikTok Shop,J&T Express,BCA Virtual Account,3,85000,0.0,On-Time
TRX-01144,2024-07-28,2024-07-28,CUST-038,PRD-BEAU-002,STR-06,Offline Store,Store Pickup,ShopeePay,2,110000,0.05,On-Time
TRX-00885,2024-07-29,2024-08-01,CUST-030,PRD-FNB-004,STR-15,Tokopedia,SiCepat,Credit Card,1,170000,0.05,On-Time
TRX-01283,2024-07-29,2024-07-31,CUST-088,PRD-FASH-002,STR-06,Tokopedia,JNE,GoPay,1,270000,0.0,On-Time
TRX-00757,2024-07-30,2024-07-31,CUST-035,PRD-FNB-003,STR-01,Tokopedia,JNE,Mandiri Virtual Account,4,115000,0.05,On-Time
TRX-00771,2024-07-30,2024-07-31,CUST-043,PRD-BEAU-005,STR-15,Tokopedia,J&T Express,ShopeePay,1,125000,0.15,On-Time
TRX-01158,2024-07-30,2024-07-31,CUST-082,PRD-HOME-003,STR-15,Tokopedia,JNE,Cash,2,260000,0.0,On-Time
TRX-01227,2024-07-30,2024-08-01,CUST-096,PRD-FNB-001,STR-11,TikTok Shop,J&T Express,Cash,3,125000,0.1,On-Time
TRX-01418,2024-07-30,2024-08-01,CUST-020,PRD-FNB-004,STR-15,Tokopedia,J&T Express,Cash,1,170000,0.0,On-Time
TRX-00820,2024-07-31,2024-07-31,CUST-064,PRD-FASH-004,STR-06,Offline Store,Store Pickup,GoPay,1,160000,0.05,On-Time
TRX-00855,2024-07-31,2024-08-01,CUST-004,PRD-FNB-004,STR-11,Tokopedia,JNE,Mandiri Virtual Account,1,170000,0.0,On-Time
TRX-01152,2024-07-31,2024-08-02,CUST-093,PRD-FASH-004,STR-15,Shopee,JNE,ShopeePay,1,160000,0.1,On-Time
TRX-00711,2024-08-01,2024-08-06,CUST-023,PRD-HOME-004,STR-04,Tokopedia,JNE,Credit Card,7,350000,0.05,Late Delivery
TRX-01222,2024-08-01,2024-08-02,CUST-077,PRD-BEAU-006,STR-11,TikTok Shop,J&T Express,BCA Virtual Account,2,95000,0.0,On-Time
TRX-00666,2024-08-02,2024-08-02,CUST-001,PRD-HOME-006,STR-02,Offline Store,Store Pickup,Credit Card,3,175000,0.0,On-Time
TRX-00781,2024-08-02,2024-08-02,CUST-024,PRD-HOME-002,STR-04,Offline Store,Store Pickup,Credit Card,2,195000,0.0,On-Time
TRX-01279,2024-08-02,2024-08-06,CUST-089,PRD-FASH-003,STR-15,Tokopedia,JNE,GoPay,2,120000,0.05,Late Delivery
TRX-01186,2024-08-04,2024-08-06,CUST-052,PRD-FNB-005,STR-15,Shopee,SiCepat,GoPay,1,140000,0.0,On-Time
TRX-00728,2024-08-05,2024-08-05,CUST-028,PRD-HOME-005,STR-02,Offline Store,Store Pickup,ShopeePay,1,290000,0.0,On-Time
TRX-01303,2024-08-05,2024-08-06,CUST-064,PRD-ELEC-006,STR-06,Tokopedia,JNE,BCA Virtual Account,2,490000,0.0,On-Time
TRX-01353,2024-08-05,2024-08-05,CUST-034,PRD-BEAU-006,STR-08,Offline Store,Store Pickup,Credit Card,2,95000,0.05,On-Time
TRX-00963,2024-08-06,2024-08-07,CUST-033,PRD-BEAU-005,STR-15,TikTok Shop,JNE,QRIS,1,125000,0.15,On-Time
TRX-01414,2024-08-06,2024-08-07,CUST-049,PRD-FASH-005,STR-01,Official Website,JNE,BCA Virtual Account,1,320000,0.05,On-Time
TRX-01512,2024-08-06,2024-08-07,CUST-052,PRD-HOME-002,STR-15,Shopee,JNE,ShopeePay,1,195000,0.0,On-Time
TRX-00677,2024-08-07,2024-08-11,CUST-095,PRD-FNB-004,STR-15,Shopee,AnterAja,Credit Card,3,170000,0.0,Late Delivery
TRX-01033,2024-08-07,2024-08-08,CUST-024,PRD-HOME-006,STR-06,Shopee,J&T Express,ShopeePay,2,175000,0.0,On-Time
TRX-01040,2024-08-07,2024-08-12,CUST-026,PRD-HOME-004,STR-15,Official Website,J&T Express,Credit Card,2,350000,0.1,Late Delivery
TRX-01128,2024-08-07,2024-08-08,CUST-017,PRD-BEAU-003,STR-15,Shopee,J&T Express,QRIS,1,85000,0.05,On-Time
TRX-01172,2024-08-07,2024-08-09,CUST-043,PRD-ELEC-001,STR-01,Tokopedia,AnterAja,ShopeePay,1,750000,0.0,On-Time
TRX-00740,2024-08-08,2024-08-10,CUST-016,PRD-HOME-001,STR-15,Shopee,J&T Express,Cash,1,220000,0.1,On-Time
TRX-01268,2024-08-08,2024-08-09,CUST-067,PRD-FASH-003,STR-15,Tokopedia,J&T Express,ShopeePay,1,120000,0.05,On-Time
TRX-01403,2024-08-08,2024-08-09,CUST-015,PRD-BEAU-006,STR-06,Tokopedia,SiCepat,BCA Virtual Account,3,95000,0.1,On-Time
TRX-01425,2024-08-08,2024-08-10,CUST-036,PRD-HOME-003,STR-01,Official Website,J&T Express,GoPay,1,260000,0.1,On-Time
TRX-01106,2024-08-09,2024-08-09,CUST-026,PRD-HOME-001,STR-08,Offline Store,Store Pickup,Mandiri Virtual Account,1,220000,0.0,On-Time
TRX-01167,2024-08-09,2024-08-11,CUST-014,PRD-BEAU-004,STR-15,Tokopedia,AnterAja,Mandiri Virtual Account,1,160000,0.0,On-Time
TRX-01476,2024-08-09,2024-08-13,CUST-086,PRD-FNB-006,STR-11,Tokopedia,J&T Express,Cash,1,80000,0.05,Late Delivery
TRX-01304,2024-08-10,2024-08-12,CUST-038,PRD-BEAU-006,STR-01,Shopee,JNE,Mandiri Virtual Account,3,95000,0.05,On-Time
TRX-01339,2024-08-10,2024-08-11,CUST-094,PRD-HOME-001,STR-01,Official Website,JNE,BCA Virtual Account,1,220000,0.0,On-Time
TRX-01264,2024-08-11,2024-08-15,CUST-038,PRD-FNB-001,STR-04,Tokopedia,AnterAja,BCA Virtual Account,1,125000,0.0,Late Delivery
TRX-01365,2024-08-11,2024-08-12,CUST-036,PRD-BEAU-006,STR-15,Shopee,JNE,GoPay,2,95000,0.0,On-Time
TRX-00916,2024-08-12,2024-08-13,CUST-058,PRD-FNB-004,STR-15,TikTok Shop,AnterAja,Cash,1,170000,0.0,On-Time
TRX-01482,2024-08-12,2024-08-14,CUST-047,PRD-FNB-001,STR-15,Tokopedia,JNE,QRIS,1,125000,0.0,On-Time
TRX-00936,2024-08-14,2024-08-15,CUST-090,PRD-ELEC-002,STR-04,TikTok Shop,AnterAja,GoPay,2,550000,0.1,On-Time
TRX-01060,2024-08-14,2024-08-14,CUST-029,PRD-FASH-005,STR-13,Offline Store,Store Pickup,ShopeePay,1,320000,0.05,On-Time
TRX-01407,2024-08-14,2024-08-15,CUST-044,PRD-BEAU-003,STR-15,Tokopedia,J&T Express,GoPay,2,85000,0.1,On-Time
TRX-00812,2024-08-15,2024-08-16,CUST-063,PRD-HOME-004,STR-15,Tokopedia,AnterAja,GoPay,1,350000,0.0,On-Time
TRX-00854,2024-08-15,2024-08-16,CUST-011,PRD-FNB-002,STR-15,TikTok Shop,AnterAja,Mandiri Virtual Account,1,90000,0.0,On-Time
TRX-00937,2024-08-15,2024-08-16,CUST-007,PRD-BEAU-002,STR-11,Official Website,JNE,BCA Virtual Account,1,110000,0.1,On-Time
TRX-01122,2024-08-15,2024-08-15,CUST-065,PRD-BEAU-001,STR-04,Offline Store,Store Pickup,Mandiri Virtual Account,2,135000,0.05,On-Time
TRX-01256,2024-08-15,2024-08-16,CUST-094,PRD-FNB-005,STR-15,TikTok Shop,JNE,Mandiri Virtual Account,1,140000,0.0,On-Time
TRX-01369,2024-08-15,2024-08-16,CUST-020,PRD-HOME-003,STR-15,Shopee,JNE,QRIS,3,260000,0.0,On-Time
TRX-01506,2024-08-15,2024-08-15,CUST-004,PRD-BEAU-002,STR-02,Offline Store,Store Pickup,Cash,1,110000,0.0,On-Time
TRX-01551,2024-08-15,2024-08-17,CUST-013,PRD-FNB-001,STR-15,Shopee,SiCepat,Cash,1,125000,0.1,On-Time
TRX-01257,2024-08-17,2024-08-18,CUST-054,PRD-FASH-002,STR-15,Tokopedia,SiCepat,Credit Card,1,270000,0.1,On-Time
TRX-00782,2024-08-18,2024-08-23,CUST-032,PRD-FASH-006,STR-15,Tokopedia,AnterAja,ShopeePay,1,450000,0.05,Late Delivery
TRX-00908,2024-08-18,2024-08-19,CUST-060,PRD-HOME-002,STR-15,Shopee,J&T Express,QRIS,1,195000,0.1,On-Time
TRX-01560,2024-08-18,2024-08-18,CUST-086,PRD-ELEC-003,STR-02,Offline Store,Store Pickup,BCA Virtual Account,2,280000,0.15,On-Time
TRX-00688,2024-08-19,2024-08-19,CUST-080,PRD-FASH-006,STR-02,Offline Store,Store Pickup,Mandiri Virtual Account,2,450000,0.15,On-Time
TRX-01123,2024-08-20,2024-08-20,CUST-071,PRD-HOME-001,STR-06,Offline Store,Store Pickup,Cash,1,220000,0.1,On-Time
TRX-01272,2024-08-20,2024-08-20,CUST-038,PRD-FNB-006,STR-08,Offline Store,Store Pickup,ShopeePay,1,80000,0.05,On-Time
TRX-01426,2024-08-20,2024-08-20,CUST-068,PRD-FNB-001,STR-01,Offline Store,Store Pickup,ShopeePay,7,125000,0.05,On-Time
TRX-01535,2024-08-20,2024-08-20,CUST-062,PRD-FNB-006,STR-04,Offline Store,Store Pickup,Mandiri Virtual Account,3,80000,0.0,On-Time
TRX-01054,2024-08-21,2024-08-21,CUST-065,PRD-BEAU-005,STR-05,Offline Store,Store Pickup,QRIS,2,125000,0.0,On-Time
TRX-00689,2024-08-22,2024-08-22,CUST-012,PRD-ELEC-003,STR-02,Offline Store,Store Pickup,BCA Virtual Account,1,280000,0.0,On-Time
TRX-00694,2024-08-22,2024-08-27,CUST-039,PRD-BEAU-001,STR-15,Tokopedia,JNE,Cash,1,135000,0.1,Late Delivery
TRX-00824,2024-08-22,2024-08-24,CUST-097,PRD-ELEC-004,STR-06,TikTok Shop,J&T Express,Credit Card,4,1100000,0.1,On-Time
TRX-01201,2024-08-22,2024-08-23,CUST-016,PRD-BEAU-001,STR-01,Tokopedia,SiCepat,GoPay,1,135000,0.05,On-Time
TRX-01294,2024-08-22,2024-08-26,CUST-026,PRD-ELEC-004,STR-15,Shopee,J&T Express,Credit Card,1,1100000,0.05,Late Delivery
TRX-01382,2024-08-23,2024-08-24,CUST-032,PRD-BEAU-004,STR-11,Official Website,JNE,Credit Card,2,160000,0.2,On-Time
TRX-01475,2024-08-23,2024-08-23,CUST-074,PRD-FNB-004,STR-11,Offline Store,Store Pickup,QRIS,1,170000,0.15,On-Time
TRX-00931,2024-08-24,2024-08-25,CUST-004,PRD-ELEC-003,STR-15,Shopee,JNE,BCA Virtual Account,2,280000,0.05,On-Time
TRX-01188,2024-08-24,2024-08-25,CUST-070,PRD-ELEC-006,STR-15,Shopee,JNE,QRIS,1,490000,0.1,On-Time
TRX-00955,2024-08-25,2024-08-26,CUST-040,PRD-HOME-003,STR-15,Shopee,SiCepat,Mandiri Virtual Account,1,260000,0.05,On-Time
TRX-01124,2024-08-25,2024-08-26,CUST-053,PRD-FNB-006,STR-15,Official Website,JNE,GoPay,2,80000,0.05,On-Time
TRX-01346,2024-08-25,2024-08-27,CUST-091,PRD-FASH-002,STR-04,Tokopedia,J&T Express,GoPay,2,270000,0.0,On-Time
TRX-01444,2024-08-25,2024-08-25,CUST-054,PRD-FNB-004,STR-13,Offline Store,Store Pickup,QRIS,3,170000,0.0,On-Time
TRX-01539,2024-08-25,2024-08-26,CUST-047,PRD-FASH-005,STR-15,Official Website,J&T Express,Mandiri Virtual Account,1,320000,0.0,On-Time
TRX-01575,2024-08-25,2024-08-27,CUST-060,PRD-HOME-003,STR-11,Shopee,AnterAja,ShopeePay,1,260000,0.05,On-Time
TRX-00674,2024-08-26,2024-08-26,CUST-059,PRD-HOME-002,STR-10,Offline Store,Store Pickup,Mandiri Virtual Account,1,195000,0.0,On-Time
TRX-00979,2024-08-27,2024-08-29,CUST-022,PRD-FNB-005,STR-15,TikTok Shop,J&T Express,QRIS,1,140000,0.0,On-Time
TRX-01541,2024-08-28,2024-08-28,CUST-014,PRD-HOME-006,STR-13,Offline Store,Store Pickup,Cash,2,175000,0.0,On-Time
TRX-01550,2024-08-28,2024-08-28,CUST-090,PRD-FASH-003,STR-11,Offline Store,Store Pickup,Mandiri Virtual Account,2,120000,0.15,On-Time
TRX-00672,2024-08-29,2024-08-30,CUST-075,PRD-HOME-004,STR-01,Tokopedia,J&T Express,ShopeePay,1,350000,0.0,On-Time
TRX-00784,2024-08-29,2024-08-30,CUST-046,PRD-BEAU-002,STR-04,TikTok Shop,J&T Express,Credit Card,3,110000,0.15,On-Time
TRX-00881,2024-08-30,2024-09-01,CUST-031,PRD-FASH-005,STR-15,Shopee,J&T Express,ShopeePay,2,320000,0.1,On-Time
TRX-00971,2024-08-30,2024-08-31,CUST-097,PRD-FASH-005,STR-15,TikTok Shop,JNE,GoPay,2,320000,0.0,On-Time
TRX-01109,2024-08-30,2024-08-31,CUST-028,PRD-ELEC-002,STR-15,Official Website,J&T Express,Mandiri Virtual Account,1,550000,0.0,On-Time
TRX-01410,2024-08-30,2024-09-02,CUST-084,PRD-BEAU-002,STR-11,Tokopedia,JNE,GoPay,2,110000,0.1,On-Time
TRX-01587,2024-08-30,2024-08-30,CUST-032,PRD-FASH-002,STR-08,Offline Store,Store Pickup,Credit Card,2,270000,0.0,On-Time
TRX-00975,2024-08-31,2024-09-02,CUST-066,PRD-HOME-002,STR-11,TikTok Shop,JNE,Cash,2,195000,0.0,On-Time
TRX-00977,2024-08-31,2024-09-03,CUST-085,PRD-FNB-004,STR-01,Shopee,SiCepat,Credit Card,2,170000,0.0,On-Time
TRX-00990,2024-09-01,2024-09-02,CUST-081,PRD-FNB-003,STR-15,Official Website,Instant Courier,Cash,3,115000,0.0,On-Time
TRX-01402,2024-09-01,2024-09-03,CUST-015,PRD-HOME-003,STR-15,Shopee,JNE,Credit Card,1,260000,0.0,On-Time
TRX-01526,2024-09-02,2024-09-03,CUST-014,PRD-ELEC-004,STR-04,Tokopedia,AnterAja,Credit Card,1,1100000,0.1,On-Time
TRX-01159,2024-09-04,2024-09-06,CUST-029,PRD-ELEC-003,STR-15,Tokopedia,AnterAja,QRIS,1,280000,0.0,On-Time
TRX-00717,2024-09-05,2024-09-07,CUST-053,PRD-FASH-005,STR-15,Tokopedia,AnterAja,Credit Card,3,320000,0.0,On-Time
TRX-01232,2024-09-05,2024-09-05,CUST-036,PRD-ELEC-003,STR-04,Offline Store,Store Pickup,GoPay,1,280000,0.0,On-Time
TRX-01142,2024-09-06,2024-09-08,CUST-056,PRD-FNB-005,STR-06,Official Website,SiCepat,ShopeePay,5,140000,0.0,On-Time
TRX-01406,2024-09-06,2024-09-07,CUST-001,PRD-FASH-005,STR-15,Tokopedia,JNE,Cash,6,320000,0.0,On-Time
TRX-01468,2024-09-06,2024-09-06,CUST-098,PRD-FASH-004,STR-10,Offline Store,Store Pickup,Credit Card,1,160000,0.0,On-Time
TRX-01522,2024-09-06,2024-09-08,CUST-033,PRD-BEAU-002,STR-04,Tokopedia,J&T Express,BCA Virtual Account,1,110000,0.05,On-Time
TRX-01036,2024-09-07,2024-09-09,CUST-071,PRD-HOME-004,STR-04,Shopee,AnterAja,QRIS,2,350000,0.05,On-Time
TRX-00789,2024-09-08,2024-09-09,CUST-098,PRD-ELEC-005,STR-15,TikTok Shop,J&T Express,Mandiri Virtual Account,1,320000,0.15,On-Time
TRX-00950,2024-09-08,2024-09-10,CUST-009,PRD-FASH-001,STR-15,Tokopedia,J&T Express,Cash,2,240000,0.05,On-Time
TRX-00872,2024-09-09,2024-09-12,CUST-047,PRD-ELEC-002,STR-15,Official Website,J&T Express,ShopeePay,1,550000,0.15,On-Time
TRX-01149,2024-09-09,2024-09-10,CUST-064,PRD-ELEC-002,STR-15,Tokopedia,JNE,Credit Card,4,550000,0.0,On-Time
TRX-01200,2024-09-09,2024-09-10,CUST-048,PRD-BEAU-004,STR-15,Official Website,AnterAja,GoPay,1,160000,0.0,On-Time
TRX-01273,2024-09-09,2024-09-10,CUST-034,PRD-ELEC-003,STR-15,Official Website,JNE,Cash,3,280000,0.2,On-Time
TRX-01600,2024-09-09,2024-09-10,CUST-004,PRD-BEAU-004,STR-15,Tokopedia,J&T Express,ShopeePay,2,160000,0.0,On-Time
TRX-00779,2024-09-10,2024-09-10,CUST-016,PRD-FASH-002,STR-13,Offline Store,Store Pickup,GoPay,2,270000,0.0,On-Time
TRX-00816,2024-09-10,2024-09-11,CUST-080,PRD-BEAU-003,STR-15,Tokopedia,J&T Express,Mandiri Virtual Account,1,85000,0.05,On-Time
TRX-01259,2024-09-10,2024-09-11,CUST-081,PRD-FNB-005,STR-15,Tokopedia,J&T Express,Cash,8,140000,0.0,On-Time
TRX-00659,2024-09-11,2024-09-13,CUST-077,PRD-FNB-002,STR-15,Tokopedia,AnterAja,ShopeePay,2,90000,0.0,On-Time
TRX-01214,2024-09-11,2024-09-14,CUST-025,PRD-FNB-003,STR-15,Shopee,AnterAja,Cash,1,115000,0.1,On-Time
TRX-01223,2024-09-11,2024-09-12,CUST-065,PRD-FASH-002,STR-06,Shopee,Instant Courier,BCA Virtual Account,2,270000,0.0,On-Time
TRX-01595,2024-09-11,2024-09-12,CUST-009,PRD-FNB-006,STR-15,Tokopedia,SiCepat,GoPay,2,80000,0.0,On-Time
TRX-01501,2024-09-12,2024-09-13,CUST-012,PRD-ELEC-006,STR-01,Shopee,J&T Express,BCA Virtual Account,1,490000,0.0,On-Time
TRX-00725,2024-09-13,2024-09-15,CUST-100,PRD-BEAU-006,STR-06,Tokopedia,SiCepat,QRIS,2,95000,0.0,On-Time
TRX-00861,2024-09-13,2024-09-13,CUST-027,PRD-FNB-002,STR-13,Offline Store,Store Pickup,Mandiri Virtual Account,4,90000,0.0,On-Time
TRX-00805,2024-09-14,2024-09-15,CUST-003,PRD-ELEC-004,STR-06,Official Website,J&T Express,QRIS,2,1100000,0.0,On-Time
TRX-01021,2024-09-14,2024-09-16,CUST-037,PRD-FASH-003,STR-11,Official Website,J&T Express,BCA Virtual Account,4,120000,0.0,On-Time
TRX-01184,2024-09-14,2024-09-15,CUST-086,PRD-FNB-001,STR-15,Official Website,SiCepat,BCA Virtual Account,1,125000,0.15,On-Time
TRX-01203,2024-09-14,2024-09-16,CUST-027,PRD-FASH-006,STR-15,Shopee,J&T Express,Credit Card,3,450000,0.0,On-Time
TRX-01335,2024-09-14,2024-09-15,CUST-071,PRD-FNB-003,STR-15,Shopee,J&T Express,BCA Virtual Account,2,115000,0.0,On-Time
TRX-00727,2024-09-15,2024-09-16,CUST-091,PRD-HOME-004,STR-11,Shopee,J&T Express,ShopeePay,1,350000,0.05,On-Time
TRX-00849,2024-09-15,2024-09-17,CUST-082,PRD-HOME-003,STR-04,Tokopedia,J&T Express,Credit Card,2,260000,0.05,On-Time
TRX-00978,2024-09-15,2024-09-15,CUST-005,PRD-ELEC-005,STR-09,Offline Store,Store Pickup,Cash,1,320000,0.0,On-Time
TRX-01197,2024-09-15,2024-09-18,CUST-057,PRD-HOME-001,STR-11,Shopee,AnterAja,Credit Card,1,220000,0.0,On-Time
TRX-01327,2024-09-15,2024-09-15,CUST-053,PRD-ELEC-006,STR-05,Offline Store,Store Pickup,GoPay,2,490000,0.1,On-Time
TRX-00817,2024-09-16,2024-09-17,CUST-029,PRD-BEAU-001,STR-06,TikTok Shop,SiCepat,GoPay,3,135000,0.0,On-Time
TRX-01491,2024-09-16,2024-09-16,CUST-091,PRD-HOME-004,STR-04,Offline Store,Store Pickup,QRIS,1,350000,0.0,On-Time
TRX-00888,2024-09-17,2024-09-18,CUST-033,PRD-FASH-006,STR-15,Shopee,SiCepat,GoPay,1,450000,0.05,On-Time
TRX-00959,2024-09-17,2024-09-18,CUST-091,PRD-HOME-004,STR-15,Tokopedia,JNE,ShopeePay,2,350000,0.0,On-Time
TRX-01024,2024-09-17,2024-09-17,CUST-094,PRD-ELEC-005,STR-09,Offline Store,Store Pickup,QRIS,1,320000,0.0,On-Time
TRX-01251,2024-09-17,2024-09-17,CUST-075,PRD-BEAU-005,STR-01,Offline Store,Store Pickup,QRIS,1,125000,0.0,On-Time
TRX-01013,2024-09-18,2024-09-18,CUST-078,PRD-ELEC-006,STR-07,Offline Store,Store Pickup,ShopeePay,1,490000,0.0,On-Time
TRX-01314,2024-09-18,2024-09-19,CUST-057,PRD-HOME-002,STR-15,Shopee,SiCepat,ShopeePay,2,195000,0.0,On-Time
TRX-00804,2024-09-19,2024-09-20,CUST-014,PRD-HOME-005,STR-15,TikTok Shop,J&T Express,BCA Virtual Account,1,290000,0.0,On-Time
TRX-01362,2024-09-19,2024-09-21,CUST-093,PRD-ELEC-003,STR-15,Shopee,J&T Express,QRIS,1,280000,0.05,On-Time
TRX-01559,2024-09-19,2024-09-20,CUST-055,PRD-HOME-002,STR-15,Shopee,J&T Express,BCA Virtual Account,2,195000,0.0,On-Time
TRX-01030,2024-09-20,2024-09-21,CUST-005,PRD-FNB-006,STR-15,Shopee,SiCepat,GoPay,1,80000,0.05,On-Time
TRX-01301,2024-09-20,2024-09-20,CUST-072,PRD-FNB-004,STR-07,Offline Store,Store Pickup,QRIS,2,170000,0.05,On-Time
TRX-00829,2024-09-21,2024-09-22,CUST-088,PRD-FASH-006,STR-04,Official Website,JNE,GoPay,3,450000,0.0,On-Time
TRX-01336,2024-09-21,2024-09-23,CUST-085,PRD-BEAU-003,STR-15,TikTok Shop,JNE,BCA Virtual Account,1,85000,0.0,On-Time
TRX-01393,2024-09-21,2024-09-22,CUST-052,PRD-HOME-004,STR-15,Shopee,AnterAja,GoPay,2,350000,0.0,On-Time
TRX-01543,2024-09-21,2024-09-26,CUST-056,PRD-ELEC-006,STR-15,Tokopedia,J&T Express,QRIS,5,490000,0.0,Late Delivery
TRX-01004,2024-09-22,2024-09-25,CUST-075,PRD-HOME-006,STR-04,Tokopedia,Instant Courier,Mandiri Virtual Account,2,175000,0.1,On-Time
TRX-01192,2024-09-22,2024-09-22,CUST-059,PRD-FNB-003,STR-11,Offline Store,Store Pickup,BCA Virtual Account,1,115000,0.0,On-Time
TRX-01440,2024-09-22,2024-09-23,CUST-020,PRD-BEAU-006,STR-11,Shopee,SiCepat,Mandiri Virtual Account,2,95000,0.05,On-Time
TRX-01488,2024-09-22,2024-09-22,CUST-075,PRD-HOME-001,STR-12,Offline Store,Store Pickup,GoPay,2,220000,0.1,On-Time
TRX-01115,2024-09-23,2024-09-23,CUST-093,PRD-ELEC-001,STR-11,Offline Store,Store Pickup,ShopeePay,4,750000,0.15,On-Time
TRX-00656,2024-09-24,2024-09-26,CUST-059,PRD-BEAU-004,STR-15,Official Website,J&T Express,ShopeePay,3,160000,0.0,On-Time
TRX-00676,2024-09-24,2024-09-24,CUST-063,PRD-FNB-004,STR-05,Offline Store,Store Pickup,BCA Virtual Account,4,170000,0.05,On-Time
TRX-00875,2024-09-24,2024-09-26,CUST-094,PRD-FNB-002,STR-11,Tokopedia,SiCepat,QRIS,1,90000,0.1,On-Time
TRX-01086,2024-09-24,2024-09-29,CUST-049,PRD-ELEC-005,STR-15,Tokopedia,AnterAja,Credit Card,2,320000,0.0,Late Delivery
TRX-01311,2024-09-24,2024-09-27,CUST-076,PRD-BEAU-003,STR-15,Official Website,J&T Express,Cash,2,85000,0.0,On-Time
TRX-00966,2024-09-25,2024-09-26,CUST-054,PRD-BEAU-003,STR-15,Tokopedia,J&T Express,Credit Card,1,85000,0.0,On-Time
TRX-01502,2024-09-25,2024-09-26,CUST-033,PRD-ELEC-001,STR-01,TikTok Shop,J&T Express,Credit Card,3,750000,0.0,On-Time
TRX-00842,2024-09-26,2024-09-26,CUST-052,PRD-BEAU-001,STR-10,Offline Store,Store Pickup,ShopeePay,1,135000,0.1,On-Time
TRX-01077,2024-09-26,2024-10-01,CUST-074,PRD-FNB-001,STR-15,Official Website,J&T Express,BCA Virtual Account,2,125000,0.05,Late Delivery
TRX-00755,2024-09-29,2024-09-30,CUST-079,PRD-FNB-004,STR-01,TikTok Shop,JNE,Mandiri Virtual Account,2,170000,0.0,On-Time
TRX-00853,2024-09-29,2024-09-29,CUST-024,PRD-ELEC-001,STR-14,Offline Store,Store Pickup,Credit Card,1,750000,0.0,On-Time
TRX-01236,2024-09-29,2024-10-02,CUST-007,PRD-BEAU-004,STR-15,Shopee,SiCepat,Cash,1,160000,0.0,On-Time
TRX-00652,2024-09-30,2024-10-04,CUST-044,PRD-ELEC-003,STR-15,Tokopedia,SiCepat,QRIS,2,280000,0.1,Late Delivery
TRX-00655,2024-09-30,2024-10-03,CUST-058,PRD-ELEC-001,STR-15,Official Website,J&T Express,QRIS,1,750000,0.0,On-Time
TRX-00698,2024-09-30,2024-10-01,CUST-039,PRD-ELEC-004,STR-15,Shopee,JNE,BCA Virtual Account,3,1100000,0.0,On-Time
TRX-01008,2024-09-30,2024-10-02,CUST-057,PRD-ELEC-005,STR-11,Shopee,JNE,Mandiri Virtual Account,1,320000,0.05,On-Time
TRX-01218,2024-09-30,2024-10-02,CUST-074,PRD-FASH-002,STR-15,Shopee,J&T Express,BCA Virtual Account,3,270000,0.15,On-Time
TRX-01398,2024-09-30,2024-10-01,CUST-095,PRD-HOME-006,STR-15,Official Website,JNE,Cash,8,175000,0.0,On-Time
TRX-01112,2024-10-01,2024-10-02,CUST-089,PRD-FNB-002,STR-01,Shopee,JNE,Cash,1,90000,0.05,On-Time
TRX-01288,2024-10-01,2024-10-02,CUST-026,PRD-ELEC-006,STR-15,Official Website,J&T Express,ShopeePay,2,490000,0.0,On-Time
TRX-00703,2024-10-02,2024-10-04,CUST-058,PRD-BEAU-004,STR-15,Shopee,JNE,BCA Virtual Account,2,160000,0.0,On-Time
TRX-00811,2024-10-02,2024-10-03,CUST-025,PRD-ELEC-003,STR-15,Shopee,J&T Express,QRIS,1,280000,0.0,On-Time
TRX-00862,2024-10-02,2024-10-02,CUST-055,PRD-FNB-006,STR-14,Offline Store,Store Pickup,Credit Card,1,80000,0.0,On-Time
TRX-00929,2024-10-02,2024-10-07,CUST-038,PRD-BEAU-004,STR-15,Official Website,JNE,Credit Card,3,160000,0.05,Late Delivery
TRX-01423,2024-10-02,2024-10-04,CUST-063,PRD-FASH-004,STR-15,Official Website,Instant Courier,Credit Card,1,160000,0.05,On-Time
TRX-00683,2024-10-04,2024-10-06,CUST-074,PRD-FNB-002,STR-15,TikTok Shop,AnterAja,QRIS,1,90000,0.05,On-Time
TRX-00940,2024-10-04,2024-10-06,CUST-051,PRD-HOME-002,STR-15,Tokopedia,J&T Express,BCA Virtual Account,2,195000,0.0,On-Time
TRX-01466,2024-10-04,2024-10-04,CUST-096,PRD-BEAU-002,STR-12,Offline Store,Store Pickup,GoPay,1,110000,0.0,On-Time
TRX-01514,2024-10-04,2024-10-05,CUST-023,PRD-BEAU-003,STR-15,Shopee,JNE,Credit Card,4,85000,0.05,On-Time
TRX-00912,2024-10-05,2024-10-08,CUST-034,PRD-ELEC-001,STR-11,Shopee,AnterAja,Cash,2,750000,0.0,On-Time
TRX-01131,2024-10-05,2024-10-06,CUST-011,PRD-BEAU-001,STR-15,Tokopedia,SiCepat,Mandiri Virtual Account,1,135000,0.05,On-Time
TRX-00699,2024-10-06,2024-10-06,CUST-065,PRD-FASH-005,STR-13,Offline Store,Store Pickup,Credit Card,2,320000,0.0,On-Time
TRX-01213,2024-10-06,2024-10-06,CUST-010,PRD-FASH-005,STR-11,Offline Store,Store Pickup,Credit Card,1,320000,0.05,On-Time
TRX-01296,2024-10-06,2024-10-07,CUST-092,PRD-ELEC-004,STR-04,Tokopedia,JNE,BCA Virtual Account,1,1100000,0.05,On-Time
TRX-01479,2024-10-07,2024-10-10,CUST-083,PRD-FASH-005,STR-06,Shopee,AnterAja,GoPay,7,320000,0.0,On-Time
TRX-01578,2024-10-08,2024-10-09,CUST-036,PRD-FASH-002,STR-15,Shopee,AnterAja,QRIS,1,270000,0.05,On-Time
TRX-01010,2024-10-09,2024-10-10,CUST-028,PRD-BEAU-001,STR-15,TikTok Shop,J&T Express,Mandiri Virtual Account,1,135000,0.0,On-Time
TRX-01140,2024-10-09,2024-10-10,CUST-084,PRD-FASH-004,STR-11,Shopee,AnterAja,Mandiri Virtual Account,1,160000,0.1,On-Time
TRX-00742,2024-10-10,2024-10-10,CUST-088,PRD-HOME-006,STR-09,Offline Store,Store Pickup,BCA Virtual Account,1,175000,0.0,On-Time
TRX-01130,2024-10-10,2024-10-11,CUST-021,PRD-FASH-005,STR-01,Shopee,SiCepat,QRIS,1,320000,0.0,On-Time
TRX-01233,2024-10-10,2024-10-12,CUST-027,PRD-ELEC-004,STR-11,Tokopedia,SiCepat,ShopeePay,1,1100000,0.1,On-Time
TRX-01260,2024-10-10,2024-10-10,CUST-092,PRD-FNB-006,STR-14,Offline Store,Store Pickup,ShopeePay,1,80000,0.0,On-Time
TRX-00868,2024-10-11,2024-10-13,CUST-090,PRD-BEAU-005,STR-06,Tokopedia,SiCepat,Cash,1,125000,0.0,On-Time
TRX-00845,2024-10-13,2024-10-14,CUST-048,PRD-FNB-006,STR-15,Shopee,SiCepat,Mandiri Virtual Account,4,80000,0.05,On-Time
TRX-00876,2024-10-13,2024-10-13,CUST-059,PRD-ELEC-001,STR-01,Offline Store,Store Pickup,Cash,3,750000,0.05,On-Time
TRX-00891,2024-10-13,2024-10-14,CUST-007,PRD-HOME-002,STR-15,TikTok Shop,J&T Express,ShopeePay,1,195000,0.2,On-Time
TRX-01050,2024-10-13,2024-10-15,CUST-045,PRD-FNB-005,STR-15,Tokopedia,JNE,Credit Card,1,140000,0.05,On-Time
TRX-01190,2024-10-13,2024-10-15,CUST-004,PRD-FNB-001,STR-15,TikTok Shop,J&T Express,Mandiri Virtual Account,1,125000,0.1,On-Time
TRX-01483,2024-10-13,2024-10-15,CUST-038,PRD-FNB-001,STR-15,TikTok Shop,J&T Express,QRIS,1,125000,0.0,On-Time
TRX-00705,2024-10-14,2024-10-14,CUST-012,PRD-FASH-001,STR-13,Offline Store,Store Pickup,ShopeePay,2,240000,0.0,On-Time
TRX-00791,2024-10-14,2024-10-14,CUST-063,PRD-HOME-003,STR-02,Offline Store,Store Pickup,GoPay,1,260000,0.1,On-Time
TRX-01006,2024-10-14,2024-10-15,CUST-033,PRD-FNB-004,STR-15,Tokopedia,Instant Courier,QRIS,2,170000,0.0,On-Time
TRX-01328,2024-10-14,2024-10-15,CUST-045,PRD-ELEC-004,STR-15,TikTok Shop,JNE,BCA Virtual Account,1,1100000,0.05,On-Time
TRX-01549,2024-10-14,2024-10-16,CUST-021,PRD-FNB-005,STR-11,Tokopedia,JNE,QRIS,3,140000,0.0,On-Time
TRX-01091,2024-10-15,2024-10-19,CUST-062,PRD-ELEC-002,STR-11,Shopee,SiCepat,Credit Card,1,550000,0.0,Late Delivery
TRX-01544,2024-10-15,2024-10-15,CUST-099,PRD-ELEC-005,STR-03,Offline Store,Store Pickup,ShopeePay,2,320000,0.05,On-Time
TRX-00651,2024-10-17,2024-10-19,CUST-069,PRD-FNB-006,STR-15,Shopee,Instant Courier,GoPay,4,80000,0.0,On-Time
TRX-01108,2024-10-17,2024-10-17,CUST-005,PRD-BEAU-002,STR-13,Offline Store,Store Pickup,ShopeePay,2,110000,0.0,On-Time
TRX-01239,2024-10-17,2024-10-20,CUST-099,PRD-HOME-005,STR-11,Shopee,J&T Express,GoPay,1,290000,0.15,On-Time
TRX-01342,2024-10-17,2024-10-17,CUST-097,PRD-ELEC-005,STR-02,Offline Store,Store Pickup,GoPay,1,320000,0.0,On-Time
TRX-01391,2024-10-17,2024-10-18,CUST-082,PRD-FASH-004,STR-04,Tokopedia,SiCepat,GoPay,1,160000,0.0,On-Time
TRX-00926,2024-10-18,2024-10-19,CUST-063,PRD-HOME-003,STR-01,Tokopedia,AnterAja,Cash,1,260000,0.0,On-Time
TRX-01361,2024-10-18,2024-10-21,CUST-059,PRD-ELEC-002,STR-11,Tokopedia,SiCepat,ShopeePay,1,550000,0.0,On-Time
TRX-01396,2024-10-18,2024-10-18,CUST-082,PRD-FNB-006,STR-13,Offline Store,Store Pickup,Credit Card,1,80000,0.05,On-Time
TRX-00776,2024-10-19,2024-10-24,CUST-029,PRD-ELEC-001,STR-01,TikTok Shop,AnterAja,Mandiri Virtual Account,3,750000,0.15,Late Delivery
TRX-01364,2024-10-19,2024-10-21,CUST-034,PRD-FASH-004,STR-01,Official Website,J&T Express,Mandiri Virtual Account,2,160000,0.0,On-Time
TRX-01370,2024-10-19,2024-10-20,CUST-011,PRD-BEAU-003,STR-04,Tokopedia,JNE,Cash,1,85000,0.2,On-Time
TRX-01379,2024-10-19,2024-10-20,CUST-094,PRD-HOME-002,STR-15,Tokopedia,JNE,GoPay,3,195000,0.0,On-Time
TRX-00848,2024-10-20,2024-10-21,CUST-040,PRD-BEAU-001,STR-06,Shopee,AnterAja,Mandiri Virtual Account,1,135000,0.0,On-Time
TRX-00985,2024-10-20,2024-10-22,CUST-048,PRD-ELEC-005,STR-15,TikTok Shop,J&T Express,Cash,3,320000,0.15,On-Time
TRX-00713,2024-10-21,2024-10-22,CUST-003,PRD-FNB-004,STR-15,Tokopedia,SiCepat,BCA Virtual Account,1,170000,0.05,On-Time
TRX-00996,2024-10-21,2024-10-22,CUST-014,PRD-BEAU-004,STR-11,Shopee,SiCepat,BCA Virtual Account,2,160000,0.1,On-Time
TRX-01427,2024-10-21,2024-10-24,CUST-038,PRD-ELEC-001,STR-15,Tokopedia,J&T Express,Credit Card,2,750000,0.0,On-Time
TRX-01493,2024-10-21,2024-10-23,CUST-007,PRD-HOME-003,STR-11,Shopee,J&T Express,Credit Card,2,260000,0.0,On-Time
TRX-00754,2024-10-22,2024-10-22,CUST-064,PRD-FASH-001,STR-05,Offline Store,Store Pickup,QRIS,2,240000,0.1,On-Time
TRX-01429,2024-10-22,2024-10-25,CUST-020,PRD-FASH-001,STR-15,Tokopedia,SiCepat,Cash,2,240000,0.0,On-Time
TRX-00751,2024-10-23,2024-10-23,CUST-013,PRD-BEAU-001,STR-08,Offline Store,Store Pickup,ShopeePay,1,135000,0.0,On-Time
TRX-01180,2024-10-23,2024-10-25,CUST-067,PRD-BEAU-005,STR-15,Shopee,Instant Courier,GoPay,1,125000,0.05,On-Time
TRX-01187,2024-10-23,2024-10-24,CUST-018,PRD-BEAU-004,STR-15,Shopee,JNE,QRIS,2,160000,0.0,On-Time
TRX-01387,2024-10-23,2024-10-25,CUST-097,PRD-FNB-002,STR-15,Shopee,AnterAja,Mandiri Virtual Account,1,90000,0.0,On-Time
TRX-00735,2024-10-24,2024-10-24,CUST-076,PRD-FASH-003,STR-06,Offline Store,Store Pickup,ShopeePay,2,120000,0.1,On-Time
TRX-01474,2024-10-24,2024-10-26,CUST-087,PRD-BEAU-005,STR-04,Shopee,JNE,Cash,3,125000,0.0,On-Time
TRX-00793,2024-10-25,2024-10-27,CUST-001,PRD-HOME-005,STR-15,Shopee,SiCepat,GoPay,8,290000,0.05,On-Time
TRX-00970,2024-10-25,2024-10-26,CUST-006,PRD-ELEC-004,STR-15,Shopee,Instant Courier,ShopeePay,1,1100000,0.1,On-Time
TRX-01059,2024-10-25,2024-10-27,CUST-014,PRD-BEAU-006,STR-06,TikTok Shop,SiCepat,Cash,2,95000,0.0,On-Time
TRX-01173,2024-10-25,2024-10-30,CUST-001,PRD-HOME-004,STR-06,Tokopedia,SiCepat,Cash,8,350000,0.0,Late Delivery
TRX-01212,2024-10-25,2024-10-27,CUST-004,PRD-BEAU-003,STR-15,Tokopedia,J&T Express,Credit Card,4,85000,0.0,On-Time
TRX-01219,2024-10-25,2024-10-26,CUST-061,PRD-FNB-006,STR-15,Tokopedia,J&T Express,Cash,3,80000,0.0,On-Time
TRX-01563,2024-10-25,2024-10-26,CUST-081,PRD-FNB-004,STR-01,Shopee,SiCepat,Mandiri Virtual Account,5,170000,0.05,On-Time
TRX-00889,2024-10-26,2024-10-27,CUST-056,PRD-HOME-005,STR-06,Shopee,SiCepat,GoPay,7,290000,0.1,On-Time
TRX-01309,2024-10-26,2024-10-26,CUST-094,PRD-FASH-004,STR-09,Offline Store,Store Pickup,Credit Card,1,160000,0.1,On-Time
TRX-00860,2024-10-27,2024-10-28,CUST-087,PRD-ELEC-004,STR-15,Official Website,JNE,QRIS,1,1100000,0.05,On-Time
TRX-01293,2024-10-28,2024-10-29,CUST-051,PRD-FASH-001,STR-15,Shopee,JNE,GoPay,8,240000,0.05,On-Time
TRX-01368,2024-10-28,2024-10-29,CUST-054,PRD-BEAU-003,STR-15,Shopee,JNE,Cash,1,85000,0.0,On-Time
TRX-01433,2024-10-29,2024-10-30,CUST-016,PRD-ELEC-003,STR-15,TikTok Shop,J&T Express,ShopeePay,4,280000,0.0,On-Time
TRX-01473,2024-10-29,2024-10-29,CUST-083,PRD-ELEC-004,STR-04,Offline Store,Store Pickup,GoPay,6,1100000,0.0,On-Time
TRX-01555,2024-10-29,2024-10-30,CUST-054,PRD-ELEC-006,STR-11,Shopee,AnterAja,GoPay,1,490000,0.0,On-Time
TRX-00998,2024-10-30,2024-10-31,CUST-056,PRD-ELEC-005,STR-15,Tokopedia,JNE,Credit Card,7,320000,0.05,On-Time
TRX-01577,2024-10-30,2024-10-31,CUST-024,PRD-FASH-001,STR-15,Tokopedia,J&T Express,GoPay,1,240000,0.0,On-Time
TRX-01113,2024-11-01,2024-11-03,CUST-026,PRD-ELEC-003,STR-01,Tokopedia,AnterAja,Cash,2,280000,0.05,On-Time
TRX-00947,2024-11-02,2024-11-04,CUST-057,PRD-BEAU-006,STR-04,Shopee,J&T Express,ShopeePay,3,95000,0.0,On-Time
TRX-01005,2024-11-02,2024-11-04,CUST-089,PRD-ELEC-006,STR-15,Shopee,SiCepat,BCA Virtual Account,1,490000,0.0,On-Time
TRX-01581,2024-11-02,2024-11-02,CUST-017,PRD-HOME-005,STR-14,Offline Store,Store Pickup,Mandiri Virtual Account,1,290000,0.05,On-Time
TRX-01569,2024-11-03,2024-11-04,CUST-053,PRD-HOME-005,STR-15,Tokopedia,J&T Express,QRIS,2,290000,0.0,On-Time
TRX-00772,2024-11-04,2024-11-05,CUST-094,PRD-FNB-003,STR-04,TikTok Shop,SiCepat,ShopeePay,1,115000,0.0,On-Time
TRX-00890,2024-11-04,2024-11-06,CUST-044,PRD-FASH-004,STR-01,TikTok Shop,J&T Express,Cash,1,160000,0.0,On-Time
TRX-00974,2024-11-04,2024-11-06,CUST-016,PRD-FNB-004,STR-15,Official Website,JNE,Cash,1,170000,0.15,On-Time
TRX-01434,2024-11-05,2024-11-06,CUST-046,PRD-BEAU-006,STR-15,Tokopedia,JNE,Credit Card,4,95000,0.0,On-Time
TRX-01566,2024-11-05,2024-11-07,CUST-091,PRD-ELEC-006,STR-06,TikTok Shop,JNE,BCA Virtual Account,1,490000,0.05,On-Time
TRX-01589,2024-11-05,2024-11-07,CUST-016,PRD-FASH-004,STR-04,Tokopedia,J&T Express,ShopeePay,2,160000,0.05,On-Time
TRX-01249,2024-11-06,2024-11-07,CUST-047,PRD-FASH-005,STR-11,Shopee,J&T Express,GoPay,4,320000,0.1,On-Time
TRX-01096,2024-11-07,2024-11-10,CUST-084,PRD-HOME-005,STR-15,Official Website,JNE,ShopeePay,3,290000,0.0,On-Time
TRX-01348,2024-11-07,2024-11-09,CUST-023,PRD-FNB-001,STR-06,Shopee,SiCepat,BCA Virtual Account,3,125000,0.0,On-Time
TRX-00884,2024-11-08,2024-11-09,CUST-081,PRD-HOME-002,STR-15,Tokopedia,AnterAja,Credit Card,2,195000,0.0,On-Time
TRX-01235,2024-11-08,2024-11-09,CUST-050,PRD-HOME-004,STR-15,Shopee,J&T Express,ShopeePay,2,350000,0.1,On-Time
TRX-01546,2024-11-09,2024-11-10,CUST-068,PRD-BEAU-006,STR-04,TikTok Shop,J&T Express,Cash,7,95000,0.1,On-Time
TRX-00718,2024-11-10,2024-11-11,CUST-089,PRD-FNB-003,STR-04,Official Website,AnterAja,BCA Virtual Account,4,115000,0.1,On-Time
TRX-01286,2024-11-10,2024-11-10,CUST-079,PRD-FASH-005,STR-01,Offline Store,Store Pickup,Cash,1,320000,0.0,On-Time
TRX-01498,2024-11-10,2024-11-12,CUST-009,PRD-HOME-005,STR-15,Official Website,SiCepat,Mandiri Virtual Account,5,290000,0.05,On-Time
TRX-00669,2024-11-11,2024-11-11,CUST-098,PRD-HOME-003,STR-03,Offline Store,Store Pickup,Mandiri Virtual Account,1,260000,0.05,On-Time
TRX-01263,2024-11-11,2024-11-12,CUST-014,PRD-BEAU-006,STR-15,Shopee,JNE,Cash,1,95000,0.05,On-Time
TRX-01312,2024-11-11,2024-11-14,CUST-086,PRD-FNB-006,STR-11,Official Website,J&T Express,Mandiri Virtual Account,1,80000,0.0,On-Time
TRX-00809,2024-11-12,2024-11-13,CUST-079,PRD-FASH-006,STR-06,TikTok Shop,J&T Express,Mandiri Virtual Account,2,450000,0.15,On-Time
TRX-00852,2024-11-12,2024-11-13,CUST-070,PRD-BEAU-001,STR-04,Shopee,JNE,QRIS,2,135000,0.15,On-Time
TRX-01039,2024-11-12,2024-11-13,CUST-020,PRD-BEAU-006,STR-06,Official Website,Instant Courier,Cash,1,95000,0.0,On-Time
TRX-01154,2024-11-12,2024-11-14,CUST-014,PRD-ELEC-001,STR-11,Tokopedia,AnterAja,Mandiri Virtual Account,1,750000,0.1,On-Time
TRX-01459,2024-11-12,2024-11-13,CUST-029,PRD-FNB-003,STR-11,Shopee,JNE,BCA Virtual Account,3,115000,0.05,On-Time
TRX-01191,2024-11-13,2024-11-14,CUST-070,PRD-FNB-005,STR-15,Official Website,JNE,Cash,1,140000,0.0,On-Time
TRX-00819,2024-11-14,2024-11-15,CUST-027,PRD-FASH-004,STR-15,Shopee,J&T Express,Cash,2,160000,0.0,On-Time
TRX-00833,2024-11-15,2024-11-15,CUST-080,PRD-BEAU-003,STR-11,Offline Store,Store Pickup,ShopeePay,1,85000,0.0,On-Time
TRX-01072,2024-11-15,2024-11-18,CUST-037,PRD-FASH-006,STR-15,Shopee,J&T Express,Cash,3,450000,0.0,On-Time
TRX-01542,2024-11-15,2024-11-15,CUST-053,PRD-ELEC-002,STR-11,Offline Store,Store Pickup,ShopeePay,1,550000,0.0,On-Time
TRX-00880,2024-11-16,2024-11-17,CUST-013,PRD-ELEC-001,STR-01,TikTok Shop,JNE,BCA Virtual Account,1,750000,0.1,On-Time
TRX-00715,2024-11-17,2024-11-19,CUST-024,PRD-FNB-001,STR-06,Shopee,AnterAja,GoPay,1,125000,0.1,On-Time
TRX-00737,2024-11-17,2024-11-18,CUST-018,PRD-ELEC-001,STR-01,Tokopedia,Instant Courier,QRIS,1,750000,0.0,On-Time
TRX-00839,2024-11-17,2024-11-19,CUST-086,PRD-HOME-006,STR-01,Tokopedia,AnterAja,Mandiri Virtual Account,2,175000,0.0,On-Time
TRX-00919,2024-11-18,2024-11-18,CUST-078,PRD-FNB-006,STR-04,Offline Store,Store Pickup,ShopeePay,2,80000,0.1,On-Time
TRX-01041,2024-11-18,2024-11-19,CUST-082,PRD-ELEC-005,STR-11,Tokopedia,AnterAja,Credit Card,1,320000,0.0,On-Time
TRX-01253,2024-11-18,2024-11-18,CUST-071,PRD-BEAU-006,STR-09,Offline Store,Store Pickup,Cash,1,95000,0.05,On-Time
TRX-00831,2024-11-19,2024-11-21,CUST-092,PRD-FNB-002,STR-15,Tokopedia,SiCepat,GoPay,2,90000,0.0,On-Time
TRX-00864,2024-11-19,2024-11-20,CUST-028,PRD-BEAU-001,STR-15,Tokopedia,J&T Express,QRIS,2,135000,0.0,On-Time
TRX-01576,2024-11-19,2024-11-19,CUST-020,PRD-HOME-001,STR-03,Offline Store,Store Pickup,Mandiri Virtual Account,1,220000,0.0,On-Time
TRX-00843,2024-11-21,2024-11-23,CUST-055,PRD-HOME-003,STR-15,Official Website,J&T Express,ShopeePay,2,260000,0.15,On-Time
TRX-00675,2024-11-22,2024-11-22,CUST-079,PRD-FNB-005,STR-02,Offline Store,Store Pickup,ShopeePay,1,140000,0.2,On-Time
TRX-01465,2024-11-22,2024-11-23,CUST-016,PRD-HOME-005,STR-15,TikTok Shop,SiCepat,BCA Virtual Account,1,290000,0.0,On-Time
TRX-01523,2024-11-22,2024-11-24,CUST-015,PRD-ELEC-004,STR-15,Tokopedia,J&T Express,QRIS,1,1100000,0.1,On-Time
TRX-01116,2024-11-23,2024-11-25,CUST-075,PRD-ELEC-004,STR-01,Tokopedia,SiCepat,Mandiri Virtual Account,1,1100000,0.05,On-Time
TRX-01178,2024-11-23,2024-11-23,CUST-014,PRD-FASH-003,STR-08,Offline Store,Store Pickup,Credit Card,3,120000,0.05,On-Time
TRX-00773,2024-11-24,2024-11-26,CUST-018,PRD-ELEC-001,STR-15,Shopee,J&T Express,Cash,1,750000,0.05,On-Time
TRX-01310,2024-11-24,2024-11-25,CUST-085,PRD-FASH-001,STR-15,Official Website,J&T Express,Cash,1,240000,0.0,On-Time
TRX-00770,2024-11-25,2024-11-25,CUST-053,PRD-FNB-002,STR-08,Offline Store,Store Pickup,ShopeePay,1,90000,0.1,On-Time
TRX-00797,2024-11-25,2024-11-26,CUST-037,PRD-FASH-005,STR-01,Shopee,J&T Express,Mandiri Virtual Account,2,320000,0.05,On-Time
TRX-01297,2024-11-25,2024-11-29,CUST-040,PRD-FASH-005,STR-15,Tokopedia,J&T Express,Credit Card,1,320000,0.05,Late Delivery
TRX-01437,2024-11-25,2024-11-25,CUST-050,PRD-FNB-005,STR-12,Offline Store,Store Pickup,QRIS,5,140000,0.0,On-Time
TRX-01002,2024-11-26,2024-11-28,CUST-090,PRD-HOME-002,STR-04,Shopee,AnterAja,ShopeePay,1,195000,0.0,On-Time
TRX-01205,2024-11-26,2024-11-28,CUST-062,PRD-HOME-001,STR-04,Tokopedia,JNE,GoPay,4,220000,0.05,On-Time
TRX-01349,2024-11-26,2024-11-27,CUST-030,PRD-ELEC-005,STR-15,Shopee,JNE,Mandiri Virtual Account,1,320000,0.0,On-Time
TRX-00948,2024-11-27,2024-11-30,CUST-037,PRD-FNB-001,STR-15,Shopee,JNE,QRIS,1,125000,0.1,On-Time
TRX-00774,2024-11-28,2024-11-30,CUST-098,PRD-ELEC-005,STR-15,Official Website,JNE,GoPay,2,320000,0.05,On-Time
TRX-00905,2024-11-28,2024-11-28,CUST-005,PRD-FASH-001,STR-07,Offline Store,Store Pickup,Mandiri Virtual Account,1,240000,0.0,On-Time
TRX-01101,2024-11-28,2024-11-30,CUST-018,PRD-ELEC-004,STR-15,Shopee,JNE,QRIS,4,1100000,0.0,On-Time
TRX-01166,2024-11-28,2024-11-30,CUST-049,PRD-BEAU-006,STR-15,Tokopedia,J&T Express,Credit Card,3,95000,0.0,On-Time
TRX-01494,2024-11-28,2024-11-30,CUST-008,PRD-FNB-005,STR-01,Tokopedia,J&T Express,Credit Card,1,140000,0.1,On-Time
TRX-01317,2024-11-29,2024-11-30,CUST-045,PRD-ELEC-006,STR-01,Shopee,SiCepat,Credit Card,1,490000,0.0,On-Time
TRX-00657,2024-11-30,2024-12-02,CUST-003,PRD-HOME-004,STR-01,Tokopedia,J&T Express,GoPay,3,350000,0.05,On-Time
TRX-01132,2024-11-30,2024-12-01,CUST-029,PRD-FASH-004,STR-06,Official Website,JNE,BCA Virtual Account,1,160000,0.1,On-Time
TRX-01363,2024-11-30,2024-11-30,CUST-096,PRD-FNB-005,STR-13,Offline Store,Store Pickup,Mandiri Virtual Account,1,140000,0.15,On-Time
TRX-01378,2024-11-30,2024-12-05,CUST-054,PRD-HOME-002,STR-15,TikTok Shop,SiCepat,Credit Card,1,195000,0.05,Late Delivery
TRX-00796,2024-12-01,2024-12-02,CUST-080,PRD-HOME-003,STR-11,Official Website,SiCepat,BCA Virtual Account,1,260000,0.05,On-Time
TRX-00913,2024-12-01,2024-12-01,CUST-002,PRD-HOME-004,STR-14,Offline Store,Store Pickup,ShopeePay,2,350000,0.2,On-Time
TRX-00761,2024-12-02,2024-12-06,CUST-012,PRD-HOME-001,STR-15,Tokopedia,SiCepat,Credit Card,3,220000,0.05,Late Delivery
TRX-01019,2024-12-02,2024-12-04,CUST-017,PRD-ELEC-005,STR-04,Tokopedia,Instant Courier,Mandiri Virtual Account,1,320000,0.05,On-Time
TRX-01199,2024-12-02,2024-12-03,CUST-031,PRD-ELEC-006,STR-15,Tokopedia,J&T Express,Credit Card,1,490000,0.05,On-Time
TRX-01557,2024-12-02,2024-12-04,CUST-059,PRD-BEAU-004,STR-11,Tokopedia,SiCepat,BCA Virtual Account,1,160000,0.05,On-Time
TRX-00917,2024-12-03,2024-12-04,CUST-046,PRD-FASH-005,STR-04,Official Website,SiCepat,Credit Card,1,320000,0.0,On-Time
TRX-01120,2024-12-03,2024-12-08,CUST-089,PRD-BEAU-004,STR-11,TikTok Shop,AnterAja,Cash,1,160000,0.0,Late Delivery
TRX-01241,2024-12-03,2024-12-06,CUST-033,PRD-FNB-002,STR-15,Tokopedia,SiCepat,Cash,2,90000,0.1,On-Time
TRX-01447,2024-12-03,2024-12-03,CUST-011,PRD-BEAU-006,STR-02,Offline Store,Store Pickup,Mandiri Virtual Account,1,95000,0.0,On-Time
TRX-01510,2024-12-03,2024-12-05,CUST-091,PRD-FNB-001,STR-01,Shopee,JNE,Credit Card,2,125000,0.0,On-Time
TRX-01540,2024-12-03,2024-12-04,CUST-080,PRD-FASH-006,STR-15,Official Website,SiCepat,Mandiri Virtual Account,3,450000,0.0,On-Time
TRX-00899,2024-12-04,2024-12-04,CUST-022,PRD-HOME-005,STR-12,Offline Store,Store Pickup,BCA Virtual Account,4,290000,0.2,On-Time
TRX-01026,2024-12-04,2024-12-06,CUST-068,PRD-BEAU-004,STR-15,Shopee,AnterAja,Mandiri Virtual Account,6,160000,0.0,On-Time
TRX-01419,2024-12-04,2024-12-06,CUST-034,PRD-HOME-006,STR-04,Tokopedia,J&T Express,QRIS,1,175000,0.0,On-Time
TRX-00987,2024-12-05,2024-12-09,CUST-078,PRD-BEAU-001,STR-15,Shopee,J&T Express,Cash,1,135000,0.0,Late Delivery
TRX-01176,2024-12-05,2024-12-08,CUST-077,PRD-HOME-004,STR-15,Official Website,Instant Courier,QRIS,1,350000,0.05,On-Time
TRX-00762,2024-12-06,2024-12-06,CUST-075,PRD-FNB-001,STR-04,Offline Store,Store Pickup,Credit Card,3,125000,0.0,On-Time
TRX-00939,2024-12-06,2024-12-07,CUST-022,PRD-BEAU-006,STR-15,Tokopedia,SiCepat,Mandiri Virtual Account,1,95000,0.0,On-Time
TRX-00972,2024-12-06,2024-12-06,CUST-052,PRD-HOME-001,STR-13,Offline Store,Store Pickup,BCA Virtual Account,2,220000,0.2,On-Time
TRX-01258,2024-12-06,2024-12-11,CUST-018,PRD-BEAU-002,STR-15,Shopee,JNE,Credit Card,1,110000,0.0,Late Delivery
TRX-00700,2024-12-07,2024-12-10,CUST-019,PRD-FNB-002,STR-01,Shopee,SiCepat,Mandiri Virtual Account,1,90000,0.15,On-Time
TRX-00704,2024-12-07,2024-12-08,CUST-047,PRD-HOME-001,STR-15,Shopee,J&T Express,ShopeePay,1,220000,0.1,On-Time
TRX-00736,2024-12-07,2024-12-08,CUST-078,PRD-HOME-001,STR-15,Tokopedia,J&T Express,Mandiri Virtual Account,4,220000,0.0,On-Time
TRX-00869,2024-12-09,2024-12-12,CUST-057,PRD-BEAU-004,STR-01,Shopee,JNE,Cash,1,160000,0.2,On-Time
TRX-01148,2024-12-09,2024-12-10,CUST-010,PRD-BEAU-001,STR-15,Official Website,JNE,Cash,3,135000,0.0,On-Time
TRX-01409,2024-12-10,2024-12-11,CUST-020,PRD-FASH-005,STR-06,Official Website,SiCepat,Credit Card,1,320000,0.1,On-Time
TRX-00921,2024-12-11,2024-12-15,CUST-071,PRD-ELEC-006,STR-15,Shopee,J&T Express,GoPay,1,490000,0.05,Late Delivery
TRX-01195,2024-12-11,2024-12-13,CUST-082,PRD-FNB-004,STR-11,Official Website,AnterAja,Mandiri Virtual Account,1,170000,0.05,On-Time
TRX-01347,2024-12-11,2024-12-13,CUST-094,PRD-FNB-004,STR-15,Tokopedia,SiCepat,Mandiri Virtual Account,1,170000,0.0,On-Time
TRX-01428,2024-12-11,2024-12-14,CUST-099,PRD-FASH-005,STR-06,Tokopedia,AnterAja,QRIS,1,320000,0.05,On-Time
TRX-00898,2024-12-12,2024-12-13,CUST-018,PRD-HOME-001,STR-15,Shopee,JNE,GoPay,2,220000,0.1,On-Time
TRX-01421,2024-12-12,2024-12-13,CUST-091,PRD-FASH-003,STR-15,Tokopedia,JNE,ShopeePay,1,120000,0.05,On-Time
TRX-00701,2024-12-13,2024-12-13,CUST-071,PRD-ELEC-004,STR-08,Offline Store,Store Pickup,GoPay,1,1100000,0.0,On-Time
TRX-00732,2024-12-13,2024-12-15,CUST-048,PRD-ELEC-006,STR-15,TikTok Shop,JNE,BCA Virtual Account,1,490000,0.05,On-Time
TRX-01018,2024-12-13,2024-12-15,CUST-069,PRD-HOME-006,STR-15,Shopee,J&T Express,Mandiri Virtual Account,1,175000,0.1,On-Time
TRX-01020,2024-12-13,2024-12-13,CUST-078,PRD-HOME-002,STR-13,Offline Store,Store Pickup,ShopeePay,2,195000,0.0,On-Time
TRX-01038,2024-12-13,2024-12-15,CUST-044,PRD-HOME-002,STR-15,Shopee,JNE,Mandiri Virtual Account,4,195000,0.05,On-Time
TRX-01247,2024-12-13,2024-12-15,CUST-046,PRD-HOME-006,STR-15,Shopee,JNE,Mandiri Virtual Account,2,175000,0.05,On-Time
TRX-01095,2024-12-14,2024-12-14,CUST-084,PRD-ELEC-005,STR-09,Offline Store,Store Pickup,QRIS,2,320000,0.0,On-Time
TRX-01497,2024-12-14,2024-12-16,CUST-076,PRD-FASH-005,STR-04,Tokopedia,SiCepat,BCA Virtual Account,3,320000,0.2,On-Time
TRX-01516,2024-12-14,2024-12-14,CUST-090,PRD-ELEC-002,STR-04,Offline Store,Store Pickup,QRIS,3,550000,0.0,On-Time
TRX-01520,2024-12-14,2024-12-15,CUST-074,PRD-BEAU-005,STR-06,Tokopedia,SiCepat,QRIS,3,125000,0.05,On-Time
TRX-01240,2024-12-15,2024-12-16,CUST-036,PRD-ELEC-003,STR-15,Tokopedia,J&T Express,GoPay,4,280000,0.1,On-Time
TRX-00668,2024-12-16,2024-12-17,CUST-061,PRD-HOME-004,STR-01,Tokopedia,J&T Express,GoPay,1,350000,0.05,On-Time
TRX-00768,2024-12-16,2024-12-21,CUST-016,PRD-HOME-006,STR-11,Shopee,JNE,GoPay,3,175000,0.1,Late Delivery
TRX-00925,2024-12-16,2024-12-17,CUST-059,PRD-FASH-003,STR-06,Shopee,SiCepat,GoPay,1,120000,0.2,On-Time
TRX-00783,2024-12-17,2024-12-18,CUST-028,PRD-BEAU-005,STR-15,TikTok Shop,SiCepat,Mandiri Virtual Account,1,125000,0.0,On-Time
TRX-01063,2024-12-17,2024-12-18,CUST-078,PRD-FASH-001,STR-11,Tokopedia,Instant Courier,Credit Card,1,240000,0.0,On-Time
TRX-01141,2024-12-17,2024-12-18,CUST-092,PRD-FASH-003,STR-15,Official Website,J&T Express,QRIS,4,120000,0.0,On-Time
TRX-01565,2024-12-17,2024-12-18,CUST-030,PRD-FASH-001,STR-15,Shopee,JNE,ShopeePay,1,240000,0.0,On-Time
TRX-00944,2024-12-18,2024-12-20,CUST-041,PRD-FNB-004,STR-11,Tokopedia,JNE,QRIS,2,170000,0.0,On-Time
TRX-01009,2024-12-18,2024-12-22,CUST-013,PRD-BEAU-004,STR-15,Tokopedia,AnterAja,Credit Card,2,160000,0.0,Late Delivery
TRX-01156,2024-12-18,2024-12-20,CUST-007,PRD-FASH-003,STR-15,Tokopedia,J&T Express,Cash,3,120000,0.0,On-Time
TRX-01275,2024-12-18,2024-12-18,CUST-041,PRD-FNB-005,STR-13,Offline Store,Store Pickup,Credit Card,3,140000,0.0,On-Time
TRX-01360,2024-12-18,2024-12-18,CUST-080,PRD-FASH-002,STR-14,Offline Store,Store Pickup,Credit Card,3,270000,0.15,On-Time
TRX-01416,2024-12-18,2024-12-19,CUST-091,PRD-HOME-004,STR-15,TikTok Shop,J&T Express,Credit Card,1,350000,0.2,On-Time
TRX-00823,2024-12-19,2024-12-19,CUST-066,PRD-BEAU-002,STR-08,Offline Store,Store Pickup,Cash,2,110000,0.05,On-Time
TRX-01300,2024-12-19,2024-12-20,CUST-027,PRD-FNB-001,STR-11,Shopee,J&T Express,ShopeePay,1,125000,0.0,On-Time
TRX-00664,2024-12-20,2024-12-22,CUST-017,PRD-FASH-001,STR-15,Shopee,J&T Express,Credit Card,1,240000,0.0,On-Time
TRX-00982,2024-12-20,2024-12-20,CUST-043,PRD-FNB-004,STR-02,Offline Store,Store Pickup,QRIS,1,170000,0.05,On-Time
TRX-01169,2024-12-20,2024-12-21,CUST-035,PRD-HOME-004,STR-01,Tokopedia,SiCepat,BCA Virtual Account,3,350000,0.0,On-Time
TRX-01490,2024-12-20,2024-12-25,CUST-018,PRD-FASH-005,STR-15,Tokopedia,J&T Express,Cash,3,320000,0.2,Late Delivery
TRX-00721,2024-12-21,2024-12-23,CUST-019,PRD-BEAU-005,STR-15,Tokopedia,SiCepat,BCA Virtual Account,1,125000,0.0,On-Time
TRX-00892,2024-12-21,2024-12-22,CUST-089,PRD-HOME-003,STR-11,TikTok Shop,SiCepat,Mandiri Virtual Account,1,260000,0.0,On-Time
TRX-01524,2024-12-21,2024-12-21,CUST-051,PRD-FASH-004,STR-05,Offline Store,Store Pickup,BCA Virtual Account,6,160000,0.0,On-Time
TRX-01597,2024-12-21,2024-12-22,CUST-020,PRD-HOME-006,STR-15,Shopee,AnterAja,Mandiri Virtual Account,2,175000,0.1,On-Time
TRX-00679,2024-12-22,2024-12-23,CUST-013,PRD-HOME-003,STR-01,Official Website,JNE,GoPay,1,260000,0.0,On-Time
TRX-00870,2024-12-22,2024-12-23,CUST-002,PRD-ELEC-004,STR-15,Shopee,J&T Express,QRIS,1,1100000,0.15,On-Time
TRX-01083,2024-12-23,2024-12-24,CUST-039,PRD-HOME-004,STR-01,Official Website,J&T Express,QRIS,1,350000,0.0,On-Time
TRX-01210,2024-12-23,2024-12-25,CUST-058,PRD-HOME-001,STR-15,TikTok Shop,JNE,Mandiri Virtual Account,1,220000,0.05,On-Time
TRX-00980,2024-12-24,2024-12-26,CUST-012,PRD-ELEC-004,STR-11,Tokopedia,AnterAja,Mandiri Virtual Account,1,1100000,0.05,On-Time
TRX-01003,2024-12-24,2024-12-24,CUST-003,PRD-HOME-001,STR-08,Offline Store,Store Pickup,BCA Virtual Account,1,220000,0.0,On-Time
TRX-01590,2024-12-24,2024-12-25,CUST-002,PRD-FASH-004,STR-01,Tokopedia,SiCepat,ShopeePay,1,160000,0.0,On-Time
TRX-00686,2024-12-25,2024-12-26,CUST-027,PRD-FNB-001,STR-15,Shopee,SiCepat,BCA Virtual Account,2,125000,0.0,On-Time
TRX-01107,2024-12-25,2024-12-27,CUST-095,PRD-HOME-004,STR-15,Tokopedia,JNE,GoPay,2,350000,0.0,On-Time
TRX-01511,2024-12-25,2024-12-26,CUST-069,PRD-HOME-005,STR-15,Tokopedia,JNE,QRIS,1,290000,0.0,On-Time
TRX-01568,2024-12-25,2024-12-28,CUST-098,PRD-ELEC-003,STR-15,Official Website,JNE,GoPay,1,280000,0.1,On-Time
TRX-01413,2024-12-26,2024-12-26,CUST-026,PRD-FASH-001,STR-01,Offline Store,Store Pickup,GoPay,2,240000,0.0,On-Time
TRX-01315,2024-12-27,2024-12-31,CUST-061,PRD-FASH-006,STR-06,Shopee,AnterAja,QRIS,1,450000,0.0,Late Delivery
TRX-01489,2024-12-27,2024-12-29,CUST-047,PRD-FNB-002,STR-11,Shopee,J&T Express,BCA Virtual Account,2,90000,0.0,On-Time
TRX-01592,2024-12-27,2024-12-28,CUST-078,PRD-HOME-003,STR-15,Shopee,J&T Express,ShopeePay,1,260000,0.05,On-Time
TRX-00696,2024-12-28,2024-12-29,CUST-089,PRD-FNB-005,STR-15,Tokopedia,JNE,GoPay,2,140000,0.0,On-Time
TRX-01472,2024-12-28,2024-12-29,CUST-063,PRD-HOME-006,STR-06,TikTok Shop,SiCepat,BCA Virtual Account,2,175000,0.05,On-Time
TRX-00685,2024-12-29,2024-12-31,CUST-100,PRD-FASH-001,STR-01,Shopee,SiCepat,Cash,1,240000,0.0,On-Time
TRX-00818,2024-12-30,2025-01-04,CUST-050,PRD-HOME-002,STR-15,TikTok Shop,JNE,Mandiri Virtual Account,8,195000,0.15,Late Delivery
TRX-00841,2024-12-30,2024-12-31,CUST-055,PRD-FNB-003,STR-15,Shopee,J&T Express,QRIS,1,115000,0.0,On-Time
TRX-00844,2024-12-30,2024-12-31,CUST-059,PRD-ELEC-005,STR-01,Shopee,JNE,Mandiri Virtual Account,4,320000,0.0,On-Time
TRX-00927,2024-12-30,2025-01-01,CUST-039,PRD-HOME-001,STR-15,Tokopedia,AnterAja,ShopeePay,2,220000,0.1,On-Time
TRX-01189,2024-12-30,2024-12-30,CUST-046,PRD-HOME-003,STR-08,Offline Store,Store Pickup,BCA Virtual Account,1,260000,0.0,On-Time
TRX-01455,2024-12-30,2025-01-02,CUST-038,PRD-ELEC-005,STR-11,Shopee,J&T Express,Credit Card,3,320000,0.0,On-Time
TRX-00802,2024-12-31,2025-01-03,CUST-020,PRD-FNB-006,STR-15,Shopee,JNE,ShopeePay,1,80000,0.05,On-Time
TRX-00840,2024-12-31,2025-01-01,CUST-049,PRD-HOME-005,STR-15,Shopee,SiCepat,Mandiri Virtual Account,2,290000,0.0,On-Time
TRX-00887,2024-12-31,2024-12-31,CUST-009,PRD-BEAU-001,STR-03,Offline Store,Store Pickup,QRIS,8,135000,0.1,On-Time
TRX-01385,2024-12-31,2025-01-02,CUST-004,PRD-HOME-003,STR-15,Tokopedia,AnterAja,GoPay,1,260000,0.05,On-Time
